name,detail,spouse,kingdom,dynasty,reign_start,reign_end,predecessor,successor
විජය රජ,විජය රජු ලංකාවට පැමිණි ආක්‍රමණිකයෙකි. ඔහු ලංකාව යටත් කරගෙන ක්‍රි.පූ. 543 සිට කි.පූ. 504 දක්වා ලංකාව පාලනය කළහ.ශ්‍රී ලංකාවේ මහාවංශය ඔහු පිළිබඳව කරුණු සොයාගත හැකි ප්‍රාථමික මුලාශ්‍රයයි. විජය රජ මුලින්ම ලංකාවට පැමිණ පය තැබූයේ තම්බපන්නිය ටයි.,"කුවේණි කුමරිය, විජායි කුමරිය", රජරට රාජධානිය,විජය රාජවංශය,ක්‍රි.පූ. 543,ක්‍රි.පූ. 505,බම්බා රජ,උපතිස්ස ඇමති
උපතිස්ස රජ,"මහාවංසයට අනූව, උපතිස්ස රජ යනු විජය රජුගේ ප්‍රධාන රාජකීය ඇමතිවරයෙකු ලෙස කටයුතු කල අයෙකු වෙයි. ""උපතිස්සගම"" ඔහු විසින් ඉදිකරන ලද්දකි.",, රජරට රාජධානිය,විජය රාජවංශය,ක්‍රි.පූ. 505,ක්‍රි.පූ. 504,විජය රජ,පණ්ඩුවාසදේව රජ
පණ්ඩුවාසදේව රජ,"පඬුවස්දෙව් කුමාරයා, ක්‍රිපූ 504 සිට ක්‍රිපූ 474 දක්වා උපතිස්ස නුවර (වර්තමාන මල්වතු ඔය ආශ්‍රිත ප්‍රදේශයක්) රජු විය. විජය රජුගෙන් පසු ලක්දිව රාජ්‍යත්වයට කුමාරයෙකු නොමැතිවිය. ඒ නිසා විජය රජු තම සොහොයුරා වූ සුමිත්තටහට රාජ්‍ය භාර ගැනීමට ආරාධනා කළේය. නමුත් සුමිත්තද මහළු වියේ සිටි නිසා ඒ සඳහා ඔහුගේ පුත් පණ්ඩුවාසදේව එවීය. ඔහු පැමිණීමට පෙර විජය රජු මියගිය නිසා එතෙක් රාජ්‍ය පාලනය උපතිස්ස භාරකාර රජු (උපතිස්ස ඇමති) ගෙන ගියේය. පසුව ලක්දිව පාලන බලය ලබාගත් පණ්ඩුවාසදේව රජු භද්දකච්චායනා කුමරිය නම් ශාක්‍ය වංශික කුමරියක් බිසව කරගත්තේය. ඇගෙන් ඔහුට අභය,තිස්ස,උත්තිය,තිස්සා,අසේල,විහාන,රාම,ශිව,මත්තකාල,මත්තක, යනුවෙන් පුතුන් 10 දෙනෙකු සහ චිත්‍රා (උන්මාද චිත්‍රා) යනුවෙන් දියණියක්ද විය.",භද්දකච්චානා, රජරට රාජධානිය,විජය රාජවංශය,ක්‍රි.පූ. 504,ක්‍රි.පූ. 474,උපතිස්ස රජ, අභය රජ
අභය රජ,"අභය රජ යනු උපතිස්ස නුවර රජ ලෙසින්, ක්‍රිපූ 474 සිට ක්‍රිපූ 454 දක්වා රාජ්‍ය පාලනය කළ රජෙකි. ඔහුගේ සොහොයුරන් විසින් ඔවුන් අතුරින් උපතිස්ස නුවර මීළඟ රජ වීමට සුදුසුතම වැඩිමහලා බවට තෝරා ගැනීම නිසා, ඔහුගේ පියාවූ පඞුවස්දෙව් රජුගේ අනුප්‍රාප්තිකයා ලෙසින් ඔහු රජ විය",, රජරට රාජධානිය,විජය රාජවංශය,ක්‍රි.පූ. 474,ක්‍රි.පූ. 454,පඬුවස්දෙව් රජ,තිස්ස රජ
තිස්ස රජ,"තිස්ස යනු උපතිස්ස නුවර රජ ලෙසින්, ක්‍රිපූ 454 සිට ක්‍රිපූ 437 දක්වා රාජ්‍ය පාලනය කළ රජෙකි. ඔහුගේ වැඩිමහළු සොහොයුරු අභය රජුගේ අනුප්‍රාප්තිකයා ලෙසින් හෙතෙම සිංහාසනාරූඨ වූයේ සොහොයුරාගේ නෙරපීම හා සමගය. ඔහුගේ බාල සොහොයුරන් අට දෙනා විසින් අභය උපරාජයා ලෙසින් පත් කළේ, ඔහුගේ බෑණා වූ පණ්ඩුකාභය රජ අත්‍යන්තයෙන් පරාජය කළ විට ඔහු රාජාභිෂේක කරනු ලබන බවට එකඟ වෙමිනි. කෙසේවෙතත් පණ්ඩුකාභය විසින් ඔහු සිහසුනෙන් නෙරපන ලදි.",, රජරට රාජධානිය,විජය රාජවංශය,ක්‍රි.පූ. 454,ක්‍රි.පූ. 437, අභය රජ,පණ්ඩුකාභය රජ
පණ්ඩුකාභය රජ,"පණ්ඩුකාභය ( ක්‍රි:පූ 437 - 367 ) යනු, ලංකාවේ සිටි ශ්‍රේෂ්ඨ රජකෙනෙකි. ඔහු ආර්යයන් පරදා රට එක් සෙසත් කළ මුල්ම ස්වදෙශික පාලකයාය.[උපහරණ ඇවැසිය] එතුමා විසින් අනුරාධපුරය අගනුවරක් ලෙසින් දියුණු කළේය.",ස්වර්ණපාලි කුමරිය,අනුරාධපුර රාජධානිය,විජය රාජවංශය,ක්‍රි.පූ. 437,ක්‍රි.පූ. 377,අභය රජ,මුටසීව රජ
මුටසීව රජ,"මුටසිව රජ යනු, පුරාතන අනුරාධපුර නගරය අගනුවර කරගෙන, ක්‍රිපූ 367 සිට ක්‍රිපූ 307 දක්වා රාජ්‍යය පාලනය කල, අනුරාධපුර රාජධානියෙහි මුල් රජ කෙනෙකි. පණ්ඩුකාභය රජුගේ පුත්‍රයා වූ ඔහුට, පුතුන් නව දෙනෙකු වූ අතර, දේවානම්පිය තිස්ස රජ, උත්තිය රජ, මහාසිව රජ සහ අසේල රජ වැනි, ඔවුන්ගෙන් සමහරුන් ඔහුගේ අනුප්‍රාප්තිකයෝ වූහ. මෙම රජු වසර හැටක් රාජ්‍යය කල අතර එම කාලය අත්‍යන්තයෙන් සාමකාමී යුගයක් විය. අනුරාධපුරයේ මහමෙවුනා උද්‍යානය ඔහුගේ නිර්මාණයක් වන අතර, ඔහුගේ කාර්ය ඵලයක් ලෙසින් ඓතිහාසික වාර්තා වල සඳහන් වන්නේ එපමණකි.",,අනුරාධපුර රාජධානිය,විජය රාජවංශය,ක්‍රි.පූ. 367,ක්‍රි.පූ. 307,පණ්ඩුකාභය රජ,දේවානම්පිය තිස්ස රජ
දේවානම්පිය තිස්ස රජ,මුලින් තිස්ස රජ නමින් රජවූ මෙතුමා පසුව දේවානම්පිය තිස්ස නමින් දෙවනවරට රාජාභිෂේකය ලැබීය. (307 BCE - 267 BCE). දේවානම්පියතිස්ස රජු අනුරාධපුරය මුලස්ථානය කරගෙන රජ කළ පැරණි රජවරුන්ගෙන් කෙනෙකි. ඔහුගේ රාජ්‍ය කාලය වැදගත් වන‍්නේ මෞර්ය වංශික අශෝක අධිරාජ්‍යයාගේ අනුග්‍රහය ඇතිව එම පාලන සමය තුළ ලංකාවට බුද්ධාගම පැමිණීම හේතුවෙනි. ඔහුගේ රාජ්‍ය කාලය ගැන මුල්ම තොරතුරු ලැබෙන්නේ මහාවංශයෙනි. එය ඊට වඩා පැරණි දීපවංශය මුලාශ්‍රය කොට ගත්තකි.,,අනුරාධපුර රාජධානිය,විජය රාජවංශය,ක්‍රි.පූ. 307,ක්‍රි.පූ. 267,මුටසීව රජ,උත්තිය රජ
උත්තිය රජ,"උත්තිය රජ අනුරාධපුර නගරය අගනුවර කරගෙන, ක්‍රිපූ 267 සිට ක්‍රිපූ 257 දක්වා රාජ්‍යය පාලනය කල, රජරට රාජධානියෙහි රජ කෙනෙකි.",,අනුරාධපුර රාජධානිය,විජය රාජවංශය,ක්‍රි.පූ. 267,ක්‍රි.පූ. 257,දේවානම්පිය තිස්ස රජ,මහාසිව රජ
මහාසිව රජ,"මහාසිව යනු, අනුරාධපුරය පුරාතන අගනුවරෙහි, ක්‍රිපූ 257 සිට ක්‍රිපූ 247 දක්වා රාජ්‍යත්වය හෙබවූ අනුරාධපුර රාජධානියේ මුල් අවදියෙහි ශ්‍රී ලාංකික රජ කෙනෙකි. මහාසිව යනු, මුටසිව රජුගේ බොහෝ පුතුන්ගෙන් එක් අයෙකු වූ අතර, දේවානම්පිය තිස්ස රජ, උත්තිය රජ සහ අසේල රජ යන්නන්ගේ සහෝදරයා විය.",,අනුරාධපුර රාජධානිය,විජය රාජවංශය,ක්‍රි.පූ. 257,ක්‍රි.පූ‍. 247,උත්තිය රජ, සූරතිස්ස රජ
සූරතිස්ස රජ,"සූරතිස්ස යනු, අනුරාධපුරය පුරාතන අගනුවරෙහි, ක්‍රිපූ 247 සිට ක්‍රිපූ 237 දක්වා රාජ්‍යත්වය හෙබවූ අනුරාධපුර රාජධානියේ මුල් අවදියෙහි ශ්‍රී ලාංකික රජ කෙනෙකි. පණ්ඩුකාභය රජුගේ ලාබාල පුත්‍රයාවූ ඔහු, මුටසිව රජුගේ සහෝදරයා විය. දකුණු ඉන්දියානු දෙමළ ආක්‍රමණිකයන් දෙදෙනෙකුවූ සේන සහ ගුත්තික විසින් සූරතිස්ස රජු පරාජය කොට සටනේදී මරා දමා, සිංහල සිංහාසනය පැහැරගෙන අනුරාධපුරයේ ඒකාබද්ධ පාලකයන් වූ අතර, ශ්‍රී ලංකා‍ව තුල දෙමළ පාලනයක් පිළිබඳව ඓතිහාසිකව වාර්තා වන පළමුවන අවස්ථාව මෙය වෙයි. සිංහල පාලනය, ක්‍රිපූ 215 දී යළි සංස්ථාපනය කෙරිණි.",,අනුරාධපුර රාජධානිය,විජය රාජවංශය,ක්‍රි.පූ. 247,ක්‍රි.පූ. 237,මහාසිව රජ,සේන සහ ගුත්තික
සේන සහ ගුත්තික,ලංකාවට පැමිණි ප්‍රථම ආක්‍රමණිකයන් ලෙස මහාවංශයයේ සදහන්වේ. මොවුන් දෙදෙනා දුවිඩ ජාතික අශ්ව වෙළදුන් දෙදෙනෙකි. ලංකාව පැමිණ සූරතිස්ස රජුගේ හමුදාවට බැදී කලක් සේවය කොට කුමන්ත්‍රණකාරීව බලය අල්ලාගෙන සූරතිස්ස රජු මරා සිහසුන පැහැරගත් ඔවුන් වසර 22 ලංකාවේ සිහසුන හෙබවීය. අධාර්මික පාලනයක් ගෙනගිය මොවුන් වෙහෙර විහාර විනාශ කරමින් රට පාලනය කළහ.,,අනුරාධපුර රාජධානිය,සේන සහ ගුත්තික,ක්‍රි.පූ. 237,ක්‍රි.පූ. 215, සූරතිස්ස රජ,අසේල රජ
අසේල රජ,මුටසිව රජුගේ නව වන පුතු වූ අසේල රජ සේන සහ ගුත්තික යන ද්‍රවිඩ ආක්‍රමණිකයන් මරා එතැන් සිට දස අවුරුද්දක් රජකම් කරන ලදී. ද්‍රවිඩ ආක්‍රමණිකයන්ගේ පළමු කුමන්ත්‍රණය අසේල රජු විසින් නිමා කරන ලදී. ක්‍රි.පූ. 205දී මහවැලි ගංතොටින් මෙරටට ගොඩ බැසි දෙමළ ආක්‍රමණිකයෙකු වූ එළාර නැමැත්තා ඒ වන විට වයස් ගතව සිටි අසේල රජු මරවා රජරට සිය යටතට ලබා ගන්නා ලදී.,,අනුරාධපුර රාජධානිය,විජය රාජවංශය,ක්‍රි.පූ. 215,ක්‍රි.පූ. 205, සේන සහ ගුත්තික,එළාර රජ
කාවන්තිස්ස රජ,"කාවන්තිස්ස රජ, (කාකවණ්න තිස්ස), යනු ශ්‍රී ලංකාවේ පැරණි රාජධානියක් වූ රුහුණු රාජධානිය තුල රජකම් කල ශ්‍රේෂ්ඨ සිංහල රජ කෙනෙකි. කාවන්තිස්ස රජු දේවානම්පියතිස්ස රජුගේ බාල සහෝදරයෙකු වූ මහානාග රජගේ මුණුපුරෙකු සහ, සිංහලේ මහා රජු සේ සැළකෙන දුටුගැමුණු රජුගේ පියාණන් වෙයි. කාවන්තිස්ස රජතුමන් හට පළමු විවාාහයෙන් දිඝභය නම් පුතෙකුද විහාර මහා දෙවියට දාව දරුවන් දෙදෙනෙක්ද සිටි බව පැවසේ.ඒ දුටු ගැමුණු හා තිස්සයි.කාවන්තිස්ස රජ ලංකාවෙ රුහුණු ප්‍රදෙශය පාලනය කරන සමයේ අනුරාධපුර රජ කලේ ද්‍රවිඩ පාලකයෙකු වු ඒළාරයි. එළාර පරාජය සදහා මුල් අඩිතාලම කාවන්තිස්ස රජු විසින් සැකසීය. නමුත් මහාවංශය තුල කාවන්තිස්ස රජු පිළිබඳ වැඩි සැළකිල්ලක් නොදක්වයි.",විහාරමහා දේවිය,අනුරාධපුර රාජධානිය,විජය රාජවංශය,ක්‍රි.පූ. 205,ක්‍රි.පූ. 161,ගෝඨාභය රජ, දුටුගැමුණු රජ
එළාර රජ,"එළාර යනු, වර්තමාන දකුණු ඉන්දියාවේ, එකල චෝල රාජධානියේ සොළී රජෙක් වූ අතර, වර්තමාන ශ්‍රී ලංකාවේ කොටසක් [1] ක්‍රිපූ 205 සිට ක්‍රිපූ 161 දක්වා පාලනය කල අතර, මෙයට [1] අනුරාධපුරය පුරාතන අගනගරයද අයත් විය. සොළී රටෙහි දෙමළ ජාතිකයෙකු වන එළාර, සිංහලයන් විසින් පවා සාම්ප්‍රදායික ලෙසින් සැලකෙන්නේ ධර්මිෂ්ඨ රජෙකු ලෙසිනි",,අනුරාධපුර රාජධානිය,විජය රාජවංශය,ක්‍රි.පූ. 206,ක්‍රි.පූ. 162,අසේල රජ,දුටුගැමුණු රජ
දුටුගැමුණු රජ,"දුටුගැමුණු හෙවත් ගාමිණී අභය රජතුමා ලාංකීය ඉතිහාසයේ අග්‍රගණ්‍ය රජෙකි. එතුමාව දුට්ඨගාමිණී අභය, ගාමිණී අභය යන නම් වලින්ද හැඳින්වේ. ක්‍රි.පූ 161 සිට ක්‍රි:පූ 137 දක්වා කාලය තුල ලංකාව පාලනය කළ මෙතුමා රජරට පාලකයාව සිටි ආක්‍රමණික එළාර රජ පරදා චෝළ අධිරාජ්‍යයෙන් ලාංකීය ජනතාව රැක ගත්හ. මොහුට දස මහා යෝධයෝ සිටියෝ ය. ඔවුන් ""සුරනිමල, මහාසෝන, ගෝඨයිම්බර, ථේරපුත්තාභය, භරණ, වේළුසුමන, ලභියවසභ, ඛංඡදේව, පුස්සදේව, නන්දිමිත්‍ර වේ.",කතී බිසව,අනුරාධපුර රාජධානිය,විජය රාජවංශය,ක්‍රි.පූ. 161,ක්‍රි.පූ. 137,එළාර රජ,සද්ධාතිස්ස
සද්ධාතිස්ස රජ,"සද්ධාතිස්ස රජ යනු ක්‍රි.පූ.137 - ක්‍රි.පූ.119 අතර කාලය තුල අනුරාධපුර රාජධානියේ, රජකම් කල ශ්‍රේෂ්ඨ සිංහල රජ කෙනෙකි. එතුමා කාවන්තිස්ස රජුගේ පුතණුවන් සහ දුටුගැමුණු රජුගේ සොහොයුරා වෙයි. සද්දාතිස්ස රජුට දාව දරුවෝ සිව් දෙනෙකි. තුලත්ථන ලංජතිස්ස (ලැමිණිතිස්) ඛල්ලාඨනාග (අනුලා දේවි සමග විවාහ වී මහාචුලික නම් පුතෙක් සිටියහ.) වළගම්බා (වට්ටගාමිණී අභය/වලගම් අබා) බල්ලාඨනාග රජු මරා එවකට හමුදා ප්‍රදානියා වූ ඛම්මහරට්ටක (මහාරට්ටක) රජ විය. වලගම්භා ඔහුව මරා රජ වූයේ බු.ව 103 දීය. මෙතුමාට අනුලා දේවි සහ සෝමා දේවි නමින් බිසවන් 2ක් වූහ.","අනුලා දේවි, සෝමා දේවි",අනුරාධපුර රාජධානිය,විජය රාජවංශය,ක්‍රි.පූ. 137,ක්‍රි.පූ. 119,දුටුගැමුණු රජ,තුලත්ථන රජ
තුලත්ථන රජ,සද්ධාතිස්ස රජගේ ඇවෑමෙන් පසු ඔහුගේ දෙවැනි පුත් තුලත්ථන රජ එක් මස් දස දිනක් රජ කම් කරන ලදී. එවක දිගාමඩුල්ලෙහි සිටි ඔහුගේ දෙටු සොයුරු ලජ්ජිතිස්ස කුමරු අනුරාධපුරයට පැමිණ ඔහු නෙරපා රාජ උරුමය ලබා ගන්නා ලදී.,,අනුරාධපුර රාජධානිය,විජය රාජවංශය,ක්‍රි.පූ. 119,ක්‍රි.පූ. 119,සද්ධාතිස්ස රජ, ලජ්ජිතිස්ස රජ
 ලජ්ජිතිස්ස රජ,තුලත්ථන රජුගේ වැඩිමහල් සොහොයුරායි.සද්ධාතිස්ස රජුගේ වැඩිමහල්ම පුත්‍රයායි.,,අනුරාධපුර රාජධානිය,විජය රාජවංශය,ක්‍රි.පූ. 119,ක්‍රි.පූ. 109,තුලත්ථන රජ,ඛල්ලාඨනාග රජ
ඛල්ලාඨනාග රජ,ඛල්ලාටනාග රජු සද්ධාතිස්ස රජුගේ තුන්වන ප්‍රත්‍රයාය මෙතුමා මහාරත්ථක නම් සෙනෙවියකු අතින් ඝාතනයට ලක්විය,,අනුරාධපුර රාජධානිය,විජය රාජවංශය,ක්‍රි.පූ. 109,ක්‍රි.පූ. 104,ඛල්ලාඨනාග රජ,වළගම්බා රජ
වළගම්බා රජ,"වළගම්බා හෙවත් වට්ඨ ගාමිණී අභය ( වළගම්බාහු ) ක්‍රි.පු. 103 සිට 77 දක්වා අනුරාධපුරය අග නගරය කර රාජ්‍ය කර වු ශ්‍රේෂ්ඨ සිංහල රජ කෙනෙකි. එතුමා රාජ්‍යයත්වයට පත් වි මාස 5 කට පසු කැරළි හා දකුණු ඉන්දිය ආක්‍රමණ හමුවේ පරාජයට පත් වි සිහසුන අහිමිවිය.[1] නමුත් වසර 14 කට පසු ආක්‍රමණිකයන් පරාජය කර නැවත සිහසුන ලබාගැනිමට එතුමාට හැකි විය. මාතලේ අළුවිහාරයේදි මුල්වරට ත්‍රිපිටකය ග්‍රන්ථාරූඪ කිරිම එතුමාගේ රාජ්‍ය අනුග්‍රහය ඇතිව සිදුවු මහඟු ක්‍රියාවලියකි.(මේ සදහා ප්‍රාදේශීය පාලකයෙක් සහය වූ බව සදහන් වෙතත් වළගම්බා අනුග්‍රහය දැක්වූබවක් මහා වංශයේ නොදැක්වේ මෙය. විමසිය යුතු කරුනකි.බොහෝ දුරට වළගම්බාවන් සහය නොවූ බවට සාධක තිබේ.සහය වූවානම් ඒ සදහා මූලාශ්‍ර සැපයිම අවශ්‍ය වේ) ඒමෙන්ම විශාල වෙහෙර විහාර කරවිමටද එතුමා කටයුතු යොදන ලදි. ඒයින් අභයගිරි විහාරය හා rස්ථුපය රන්ගිරි දඹුළු රජමහා විහාරය ප්‍රධානියක් ගනි.සද්ධාතිස්ස රජු දුටුගැමුණු රජුගේ සහෝදරයා වේ. ඔහුට පුතුන් සිව් දෙනෙකු සිටියේය. එම පුතුන් පිළිවෙළින් ලජ්ජිතිස්ස, ථුලත්තන,ඛල්ලාඨනාග හා වට්ට ගාමිණී අභය (වළගම්බා) විය.සද්ධාතිස්ස රජු ක්‍රි.පූ.137 සිට 119 දක්වා වසර 18ක් රාජ්‍ය පාලනය කළේය. ඔහුගෙන් පසු ථුලත්තන රජු දින 40ක්, ලජ්ජිතිස්ස රජු වසර 10ක් බැගින් පාලනය කිරීමෙන් පසු ඛල්ලාඨනාග රජුට රජකම හිමිවිය."," අනුලාදේවිය, සෝමාදේවිය",අනුරාධපුර රාජධානිය,විජය රාජවංශය,ක්‍රි.පූ. 104,ක්‍රි.පූ. 103, මහාරඨ්ඨක,මහකුලි මහතිස්ස
පුලහත්ථ,"පුලහත්ථ යනු ද්‍රවිඩයන් පස් දෙනගෙන් පළමුවැන්නා විය. පස් මසකට පෙර සිහසුනට පත් පාලක රජතුමාවූ වළගම්බා රජ බලයෙන් පහ කල ඔහු, දකුණු ඉන්දියාවෙන් පැමිණි, පාණ්ඩ්‍ය රාජවංශයේ දෙමළ නායකයෙකි. [3] ඔහුගේ ප්‍රධාන අමාත්‍ය ලෙසින් බාහිය පත් තල හෙතෙම, වසර තුනක් රාජ්‍යය පාලනය කලේ, ක්‍රිපූ 100 දී බාහිය විසින් ඔහු මරා දමන තෙක්ය.",,අනුරාධපුර රාජධානිය,පංච ද්‍රවිඩයන්,ක්‍රි.පූ. 103,ක්‍රි.පූ. 100,වළගම්බා රජ,බාහිය
බාහිය,"බාහිය යනු ද්‍රවිඩයන් පස් දෙනාගෙන් දෙවැන්නා වූ අතර, හෙතෙම ක්‍රිපූ 100 සිට ක්‍රිපූ 98 දක්වා රාජ්‍ය පාලනය කලේය. පුලහත්ථගේ පාලන සමයේදී ප්‍රධාන අමාත්‍ය වූ හෙතෙම, ඔහු මරා රජකම පැහැර ගති. බාහියගේ පාලන සමය කෙලවර වූයේ, ඔහු සිහසුනට පත්ව වසර දෙකක් ගත වත්ම, ඔහුගේ අග්‍රාමාත්‍ය වූ පණය මාර විසින් ඔහු මරා දැමීමත් සමගය",,අනුරාධපුර රාජධානිය,පංච ද්‍රවිඩයන්,ක්‍රි.පූ. 100,ක්‍රි.පූ. 98,පුලහත්ථ, පණය මාර
"	පනයමාර	","ක්‍රිපූ 98 සිට ක්‍රිපූ 91 දක්වා රාජ්‍යය පාලනය කල පණය මාර , ද්‍රවිඩයන් පස් දෙන ගෙන් තෙවැන්නාවූ අතර, ද්‍රවිඩයන් පස් දෙනා අතුරින් වැඩිම කලක් රාජ්‍යය පාලනය කල තැනැත්තා විය. සිහසුනට පත් වීමට පෙර, හෙතෙම බාහිය යටතේ අග්‍රාමාත්‍යය තනතුර දැරූ අතර, පණය මාර විසින් බාහිය මරා රාජ්‍යය පැහැරගෙන සිහසුනට පත්වූයේ ඔහුගේ අග්‍රාමාත්‍යය ලෙසින් පිලිය මාර පත් කරමිනි.",,අනුරාධපුර රාජධානිය,පංච ද්‍රවිඩයන්,ක්‍රි.පූ. 98,ක්‍රි.පූ. 91,බාහිය,පිලිය මාර
පිළයමාර,"අනුරාධපුරයේ රජ ලෙසින් පිලිය මාර රාජ්‍ය පාලනය සිදු කලේ ක්‍රිපූ 91 සිට ක්‍රිපූ 90 දක්වා වෙයි. ඔහුගේ පූර්වප්‍රාප්තිකයන් කල අයුරින්ම සිහසුන ඩැහැගත් හෙතෙම, පණය මාර ඝාතනය කලේ ඔහුගේ ප්‍රධාන අමාත්‍ය ලෙසින් කටයුතු කරමින් සිටියදීය. ද්‍රවිඩයන් පස් දෙන අතුරින්, අඩුම පාලන කාලය සහිත වූයේ පිලිය මාර වන අතර, ඔහුගේ ප්‍රධාන අමාත්‍ය දාඨික විසින් ඔහු මරා රජකම පැහැර ගැනුමට පෙර එය පැවැතියේ සත් මසක් පමණි.",,අනුරාධපුර රාජධානිය,පංච ද්‍රවිඩයන්,ක්‍රි.පූ. 91,ක්‍රි.පූ. 90,පණය මාර,
 දාඨික,"දාඨික යනු ද්‍රවිඩයන් පස් දෙනාගෙන් අවසන් තැනැත්තේ වූ අතර ක්‍රිපූ සිට ක්‍රිපූ 88 දක්වා රාජ්‍ය පාලනය කලේය. දාඨික සිහසුනට පත් වූයේ ඔහුගේ රජු පිලිය මාර ඝාතනය කිරීමෙන් වන අතර, එවිට හෙතෙම ඔහුගේ ප්‍රධාන අමාත්‍ය විය. ක්‍රිපූ 88 දී වළගම්බා රජ විසින් ඔහු මරා දමා සිහසුන පැහැර ගනිමින් විජය රාජ වංශය යළි ස්ථාපිත කලේය. ඊළඟ වසර 12 තුල වළගම්බා රජු විසින් අනුරාධපුර රාජධානිය පාලනය කෙරිණි.",,අනුරාධපුර රාජධානිය,පංච ද්‍රවිඩයන්,ක්‍රි.පූ. 90,ක්‍රි.පූ. 88,පිලිය මාර,වළගම්බා රජ
මහාචූලි මහාතිස්ස,,,අනුරාධපුර රාජධානිය,විජය රාජවංශය,ක්‍රි.පූ. 76,ක්‍රි.පූ. 62,,
චෝරනාග,,,අනුරාධපුර රාජධානිය,විජය රාජවංශය,ක්‍රි.පූ. 62,ක්‍රි.පූ. 50,,
කුඩා තිස්ස,,,අනුරාධපුර රාජධානිය,විජය රාජවංශය,ක්‍රි.පූ. 50,ක්‍රි.පූ. 47,,
සිව I,,,අනුරාධපුර රාජධානිය,විජය රාජවංශය,ක්‍රි.පූ. 47,ක්‍රි.පූ. 47,,
වටුක,,,අනුරාධපුර රාජධානිය,විජය රාජවංශය,ක්‍රි.පූ. 47,ක්‍රි.පූ. 47,,
දාරුභාතික තිස්ස,,,අනුරාධපුර රාජධානිය,විජය රාජවංශය,ක්‍රි.පූ. 47,ක්‍රි.පූ. 47,,
නීලිය,,,අනුරාධපුර රාජධානිය,විජය රාජවංශය,ක්‍රි.පූ. 47,ක්‍රි.පූ. 47,,
අනුලා රැජිණ,"අනුලා රැජිණ (රාජ්‍යත්වය 47 ක්‍රිපූ - 42 ක්‍රිපූ), අනුලා රැජිණ(ක්‍රි.පූ.47-42) අර්ථවත් පාලනයක් ගෙන ගිය ශ්‍රී ලංකාවේ ප්‍රථම රැජිණයි. එසේම ඇය ආසියාවේ ප්‍රථම රාජ්‍ය පාලිකාව ද වේ. අනුලා රැජිණ බලයට පත් වූයේ චෝරනාග රජුගේ බිසව ලෙසිණි. චෝරනාග රජු අනුරාධපුරයේ වළගම්බා රජුගේ පුත්‍රයාය. කෙසේ හෝ ඇය තමාගේ පාලන කාලය තුළ අඩු ගණනේ තවත් ස්වාමි පුරුෂයන් හතර දෙනෙකුට වස දුන්නාය. අනතුරුව තම අභිමතය පරිදි රාජ්‍ය විචාලාය. ඇය ඉතා ප්‍රසිද්ධ තවත් අනුලා දේවියක් වූ දේවානම්පියතිස්ස රජුගේ බිරිඳ යයි වරදවා තේරුම් නොගත යුතුය. ඇය ගැන තොරතුරු ලැබෙන ප්‍රධාන මූලාශ්‍රය වන්නේ මහා වංශයයි. ",,අනුරාධපුර රාජධානිය,විජය රාජවංශය,ක්‍රි.පූ. 47,ක්‍රි.පූ. 42,චෝරනාග රජු,කූටකණ්ණ තිස්ස
කූටකණ්ණ තිස්ස,,,අනුරාධපුර රාජධානිය,විජය රාජවංශය,ක්‍රි.පූ. 42,ක්‍රි.පූ. 20,,
භාතිකාභය අභය රජ,"කුටිකණ්ණ තිස්ස රජුගේ දෙටු පුත් භාතිකාභය (බු.ව.522) රාජ්‍යත්වයට පැමිණියේය (භාතික නමින් රටේ ප්‍රසිද්ධවිය) . සිය සොයුරු මහානාම කුමරු සමග ලෙන්ගතුකමකින් ද ක්‍රියාකළ බව මේ රජුගේ බෞද්ධ පුජාවන් නිසා ම ලංකා ඉතිහාසයේ විශේෂ ස්ථානයක් ගනී. එසේම මොහු රාජ්‍යත්වයට පැමිණිමට ප්‍රථම මොහුතුල බෞද්ධ ධර්මයට තිබු ලැදියාවද, ඔහුගේ රාජ්‍ය කාල සිමාව තුල පිලිබිඹු වේ. මහාදාඨික රජ්ජුරුවන්ගේ සහෝදරයෙක් වන නිසා මේ රජ්ජුරුවන්ගේ නාමය ‘භාතික රජ්ජුරුවෝ’ (King Bathika) නමින් දිවයිනේ ප්‍රසිද්ධ වුනා. මේ රජ්ජුරුවෝ ධාර්මිකයි. ලෝවා මහා පායේ ප්‍රතිසංස්කරණ කටයුතු කරවීම මහා ථූපයට (රුවැන්වැලිසෑය) මල් හා ජල පූජාවන් පැවැත්වීය; ඒ අනුව අභය වැවේ ජලය රුවැන්වැලිසෑයට ඉසීම තාක්ෂණ ක්‍රමවේද අනුව කළ බැව් පෙනේ, රෝම රටට දූතයන් යවා පබළු ගෙන්වා ඒවායින් දැල් කරවා , රුවන්වැලිසෑය සුණු පිළියම් කළ පබළු දැළක් සරසවා මහා සෑයේ පූජා කටයුතු කළ බව ඉතිහාස ගතවේ. මොහු තමන්ගේ රාජ්‍ය කාල සිමාව තුලදි, මස් මාංශ විකිණිම සහා සතුන් මැරීම, සහ මුලින්ම නතර කර, රටම ධාර්මික කරගැනිමට උත්සහා දැරු රජ කෙනෙක් බවට බෞද්ධ මිනිසුන් අතර ප්‍රකටය. එලෙසින්ම දැහැමින් රට පාලනය කරගෙන ගිය බවයි, බොහො ලිපි වලින් සදහන් වේ.",,අනුරාධපුර රාජධානිය,විජය රාජවංශය,ක්‍රි.පූ. 20,ක්‍රි.ව. 9,කුටිකණ්ණ තිස්ස,මහාදාඨික මහානාග
මහාදාඨික මහානාග රජ,ඒ භාතික රජ්ජුරුවන්ගේ අභාවයෙන් පස්සේ ඔහුගේ මළනුවන් වන මහාදාඨිකමහානාග නැමැති රජ්ජුරුවෝ රජකමට පත්වුනා.ඒ මහාදාඨික රජ්ජුරුවෝ දොළොස් අවුරුද්දක් රජකම් කළා. නොයෙක් ආකාර වූ පින් පිහිට කරගෙන සිටි ඒ රජ්ජුරුවෝ මහාසෑයේ ගලින් කළ පේසාවළල්ලට පහලින් කිඤ්ජක්ඛ නැමැති පියුම් කැටයම් කළ ගල් ඇතිරෙව්වා.,,අනුරාධපුර රාජධානිය,විජය රාජවංශය,9,21,භාතිකාභය අභය රජ,අමණ්ඩගාමිණී අභය
අමණ්ඩගාමිණී අභය,,,අනුරාධපුර රාජධානිය,විජය රාජවංශය,21,30,,
කණිරජානු තිස්ස,,,අනුරාධපුර රාජධානිය,විජය රාජවංශය,30,33,,
චූලාභය,,,අනුරාධපුර රාජධානිය,විජය රාජවංශය,33,35,,
සීවලී රැජින,සිංහල රාජාවලියේ එන දෙවන රැජීන සීවලී රැජිනයි. මෙතුමිය අනුරාධපුර රාජධානියේ චූලාභය රජුගේ නැගණියයි. ඇගේ පියා මහා දාඨික මහානාග රජුය මාස කිහිපයක් පමණක් සිහසුන හෙබවීය. ඉලනාග රජු ඇයව පලවා හැර සිහසුන උදුරාගත්හ.,,අනුරාධපුර රාජධානිය,විජය රාජවංශය,35,35,චූලාභය,අරාජික සමය
අරාජික සමය,,,අනුරාධපුර රාජධානිය,විජය රාජවංශය,35,38,,
ඉලනාග,,,අනුරාධපුර රාජධානිය,විජය රාජවංශය,38,44,,
චන්දමුඛ,,,අනුරාධපුර රාජධානිය,විජය රාජවංශය,44,52,,
යසලාලක,,,අනුරාධපුර රාජධානිය,විජය රාජවංශය,52,60,,
සුභරාජ,,,අනුරාධපුර රාජධානිය,විජය රාජවංශය,60,66,,
වසභ රජ,"වසභ රජ යනු ශ්‍රී ලංකාවේ අනුරාධපුර යුගයෙහි රජ කෙනෙකි. වී ගොවිතැනට උපකාර වනු වස් මහා පරිමාණයේ ජලාපවහන කර්මාන්ත ගොඩනැගීමෙහි පුරෝගාමියෙකු ලෙසින් එතුමා සැලකෙයි. එතුමාගේ පාලන සමයෙහිදී වැව් 11 ක් සහ ඇළ 12 ක් තනන ලදි. එකල පැවති ඒවා ප්‍රතිසංස්කරණය කිරීමට අමතරව, එතුමා බොහෝ නව බෞද්ධ විහාරස්ථාන ඉදිකිරීමද සිදු කලේය. එවකට අනුරාධපුර පාලකයාව සිටි සුභරාජ රජ මරා සිහසුන පැහැර ගත් වසභ රජ, ශ්‍රී ලාංකික රජවරුන්ගේ ඉතිහාසයෙහි නව රාජ වංශයක් ඇරඹීය.මෙතුමා වල්ලිපුරම් රන් සන්නස පිහිටුවිිය. ඉසිගිරි ඇමති යොදවා යාපනය පාලනය කර ඇත.",මෙත්තා(සිය නැන්දනිය),අනුරාධපුර රාජධානිය,Iවන ලම්බකර්ණ රාජවංශය,66,110, සුභරජ රජ,වංකනාසික තිස්ස රජ
වංකනාසික තිස්ස රජ,මොහුගේ පියා වසභ රජතුමා ය. ඉංග්‍රීසියෙන් පරිවර්තනය කළ-පළමුවන ලැම්බකන්නගේ නිවසේ සිට අනුරාධපුර රජුගේ දෙවන රජු වන්කනසිකා තිස්ස ය. ඔහු ක්‍රි.ව. 111 සිට 113 දක්වා පාලනය කළේය. ඔහුට පෙර ඔහුගේ පියා වන වසබා සහ ඔහුගේ පුත් ගජබාහු අයි.,,අනුරාධපුර රාජධානිය,Iවන ලම්බකර්ණ රාජවංශය,111,113,වසභ රජ,පළමුවන ගජබාහු රජ
පළමුවන ගජබාහු රජ,"ගජබාහු සිහිපත් කරණ ප්‍රධාන සංසිද්ධි වනුයේ සොළී දේශ සිමාව අනුක්‍රමණය කිරිමත් ඔහුගේ පියා රජකළ කාලයේදී සිරකරැවන් ලෙස අල්ලාගත් 12,000 ක් සිංහලයින් මුදවා ගැනිමටත්ය. ඔහුගේ රාජකාරි කාලය වු සත්‍ය සිදුවිම් හා සිද්ධෂි යථර්ථය පිලිබද තරමක අවිනිශ්චිත භාවයක් පවතී.",,අනුරාධපුර රාජධානිය,Iවන ලම්බකර්ණ රාජවංශය,135,141,වංකනාසික තිස්ස රජ,මහල්ලකනාග
මහල්ලකනාග,,,අනුරාධපුර රාජධානිය,Iවන ලම්බකර්ණ රාජවංශය,135,141,,
භාතික තිස්ස,,,අනුරාධපුර රාජධානිය,Iවන ලම්බකර්ණ රාජවංශය,141,165,,
කනිට්ඨතිස්ස,,,අනුරාධපුර රාජධානිය,Iවන ලම්බකර්ණ රාජවංශය,165,193,,
චූලනාග,,,අනුරාධපුර රාජධානිය,Iවන ලම්බකර්ණ රාජවංශය,193,195,,
කුඩානාග,,,අනුරාධපුර රාජධානිය,Iවන ලම්බකර්ණ රාජවංශය,195,196,,
සිරිනාග I,,,අනුරාධපුර රාජධානිය,Iවන ලම්බකර්ණ රාජවංශය,196,215,,
වෝහාරිකතිස්ස,,,අනුරාධපුර රාජධානිය,Iවන ලම්බකර්ණ රාජවංශය,215,237,,
අභයනාග,,,අනුරාධපුර රාජධානිය,Iවන ලම්බකර්ණ රාජවංශය,237,245,,
සිරිනාග II,,,අනුරාධපුර රාජධානිය,Iවන ලම්බකර්ණ රාජවංශය,245,247,,
විජය කුමාර,,,අනුරාධපුර රාජධානිය,Iවන ලම්බකර්ණ රාජවංශය,247,248,,
සංඝතිස්ස I,,,අනුරාධපුර රාජධානිය,Iවන ලම්බකර්ණ රාජවංශය,248,252,,
සිරි සංඝබෝධි,,,අනුරාධපුර රාජධානිය,Iවන ලම්බකර්ණ රාජවංශය,252,254,,
ගෝඨාභය,,,අනුරාධපුර රාජධානිය,Iවන ලම්බකර්ණ රාජවංශය,254,267,,
ජෙට්ඨතිස්ස I,ජෙට්ඨතිස්ස I හෙවත් දෙටුතිස් I.,,අනුරාධපුර රාජධානිය,Iවන ලම්බකර්ණ රාජවංශය,267,277,,
මහාසේන රජ,මහාසේන රජ නොහොත් මහසෙන් රජු (ක්‍රි ව 276-303 ) මින්නේරි දෙවියන් ලෙසද හදුන්වා ඇත. මෙතුමා ලංකාවේ වැවු 16 කරවූ බව සදහන්ය. මින්නේරි වැව මින් එකකි. මෙම වැව පිරුණු විට අක්කර 4560 පමණවේ. මෙම වැවට අවශ්‍ය ජලය ලබාගැනීම පිණිස මාතලේ දිස්ත්‍රික්කයේ වූ අඹන් ගඟ සිට ඇලක් කරවිය. මෙතුමන්ගේ රාජ්‍ය කාලය තුලදී දකුණු ඉන්දියාවේ සිට ලන්කාපුරට පැමිණි සංගමිත්ත නම් ස්ථවිරයන් වහන්සේ නමක් බුදුන්වහන්සේ විසින් නියම කල පිළිවෙත් මහාවිහාරය අනුගමනය නොකරන්නේයැයි ලෙස කීම පිට මහාවිහාරය විනාශ කල බව ඉහිහාසයේ සදහන්ය. පසුව රජුගේ මෙම තීරණය වෙනස්වූ බව ඉතිහාසය කරුණු දක්වයි. රුවන්වැලි සෑයට හා අභයගිරි සෑයට වඩා විශාලවූ ජේතවනාරාමය කරවුයේද මහසෙන් රජු විසින්ය.,,අනුරාධපුර රාජධානිය,Iවන ලම්බකර්ණ රාජවංශය,275,301,පළමුවන ජෙට්ඨතිස්ස,සිරිමේඝවන්න
සිරිමේඝවණ්ණ,,,අනුරාධපුර රාජධානිය,Iවන ලම්බකර්ණ රාජවංශය,304,332,,
ජෙට්ඨ තිස්ස II,,,අනුරාධපුර රාජධානිය,Iවන ලම්බකර්ණ රාජවංශය,332,341,,
බුද්ධදාස රජ,බුද්ධදාස රජු ප්‍රකටවන්නේ දක්ෂ වෙදදුරකු ලෙසය ඉතා ධාර්මික රජකුවිය මෙතුමා වෙදපොත් රැසක් රචනාකළ බව සදහන්වේ එසේම මිනිසුන්ට පමනක් නොව සතුනට පවා වෙදකම් කළේය දිවයින පුරා රෝහල් ආදිය ඇතිකළහ මෙතුමා දිනක් පෙනයේ ගෙඩියක් සෑදී වෙදනාවෙන් සිටි නාගරාජයෙකුට වෙදකම් කර සුවපත් කළ බවත් නාගයා රජුට කෘතගුණ සැළකීමක් ලෙස තම නාගමාණිඛය වමාරා දුන්බව ජනප්‍රවාදයේ සදහන් වෙයි,,අනුරාධපුර රාජධානිය,Iවන ලම්බකර්ණ රාජවංශය,341,370, ජෙට්ඨතිස්ස 2,උපතිස්ස I
උපතිස්ස I,,,අනුරාධපුර රාජධානිය,Iවන ලම්බකර්ණ රාජවංශය,370,412,,
මහානාම,,,අනුරාධපුර රාජධානිය,Iවන ලම්බකර්ණ රාජවංශය,412,434,,
සොත්ථිසේන,,,අනුරාධපුර රාජධානිය,Iවන ලම්බකර්ණ රාජවංශය,434,434,,
ඡත්තගාහක ජන්තු,ඡත්තගාහක ජන්තු හෙවත් ඡත්තගාහක,,අනුරාධපුර රාජධානිය,Iවන ලම්බකර්ණ රාජවංශය,434,435,,
මිත්තසේන රජ,"මිත්තසේන රජ, පස්වන සියවසෙහිදී අනුරාධපුරයේ රජ ලෙසින් සිටිමින් 435 සිට 436 දක්වා රාජ්‍යය පාලනය කලේය.",,අනුරාධපුර රාජධානිය,Iවන ලම්බකර්ණ රාජවංශය,435,436,,
පණ්ඩු,,,අනුරාධපුර රාජධානිය,ෂඩ් ද්‍රවිඩයින්,436,441,,
පාරින්ද,,,අනුරාධපුර රාජධානිය,ෂඩ් ද්‍රවිඩයින්,441,441,,
ඛුද්ද පාරින්ද,,,අනුරාධපුර රාජධානිය,ෂඩ් ද්‍රවිඩයින්,441,447,,
තිරිතර,,,අනුරාධපුර රාජධානිය,ෂඩ් ද්‍රවිඩයින්,447,447,,
දාඨිය,,,අනුරාධපුර රාජධානිය,ෂඩ් ද්‍රවිඩයින්,447,450,,
පීඨිය,,,අනුරාධපුර රාජධානිය,ෂඩ් ද්‍රවිඩයින්,450,452,,
ධාතුසේන රජ,"ධාතුසේන රජු ක්‍රි.ව.455 සිට 473 දක්වා අනුරාධපුරය අග නගරය කර රාජ්‍ය කර වු ශ්‍රේෂ්ඨ සිංහල රජ කෙනෙකි. එතුමා ශ්‍රී ලංකාවේ මෞර්ය රාජ වංශයේ පළමු රජුයි. සමහර වාර්ථා වල එතුමා දසන්කෙළි ලෙසත් හදුන්වා දි ඇත. ධාතුසේන රජු එතුමාගෙ රාජ්‍ය පාලන කාලය තුල එකල ශ්‍රී ලංකාවේ කොටසක් පාලන කාලය දකුණු ඉන්දිය ආක්‍රමණිකයන් පරාජ කර වසර 26 කට පසු මුළු ශ්‍රී ලංකාවම නැවත එක්සත් කරවිමට සමත් විය. එතුමාගේ රාජ්‍ය පාලන කාලය තුල විශාල වාරි කර්මාන්ත 18 කරවන ලදි. යෝධ ඇළ, කලා වැව, බලලු වැව එතුමා කරවු වාරි කර්මාන්ත වලින් ප්‍රධාන කිහිපයකි. අවුකන බුද්ධ ප්‍රතිමාවද එතුමාගේ රාජ්‍ය පාලන කාලය තුල කරවු විශාල බුද්ධ ප්‍රතිමාවකි.",,අනුරාධපුර රාජධානිය,මෝරිය රාජවංශය,455,473,ෂඩ් ද්‍රවිඩයින්,කාශ්‍යප I
කාශ්‍යප I,"ධාතුසේන රජුගේ දෙටු පුත් වූ කාෂ්‍යප කුමරු පල්ලව රාජ වංශික බිසවකගෙන් ලත් පුත්‍රයෙකු හෙයින් ඇය භින්න මාතෘක විය.මුගලන් කුමරු කාශප රජ දියණිය වෙතින් ධාතුසේන රජුට දාව උපන්නෙක් වූයෙන් ඔහු සමාන මාතෘක විය. හෙළ කුලසිරිතට අනුව සිංහාසනය උරුම වූයේ උභයකුල පාරිශුද්ධත්ව‍ය හිමි වූ මුගලන් කුමරුටය.දකුණු ඉන්දියාවෙන්වූ ආක්‍රමණයකදී භාරතීය සේනාව සමඟ යුධ වැදුණේ කාශ්‍යප කුමරුය. සිය ජයග්‍රහණයෙන් පසු පිය රජු‍ගෙන් ඔහු යුවරජු තනතුර බලාපොරොත්තු වුවත් එය ඉටු නොවීය.ඉන් කලකිරීමට පත් කාශ්‍යප කුමරු චූල වංශයට අනුව ක්‍රි‍‍:ව:111 දී විහාර සෙන්පතියා සමඟ වංශකථාවට අනුව කාශ්‍යප රජු සීගිරිය කරවූයේ මුගලන්ගෙන් එල්ල වේ යැයි සිතූ තර්ජනයට බියෙනි.කුමන්ත්‍රණය කර ධාතුසේන රජු සිහසුනෙන් නෙරපා හැර රාජ්‍ය පවරා දෙනු ලදි. වංශකථාවට අනුව කාශ්‍යප රජු සීගිරිය කරවූයේ මුගලන්ගෙන් එල්ල වේ යැයි සිතූ තර්ජනයට බියෙනි. එහෙත් එහි නටඹුන් වලට අනුව මහාචාර්යය පරණවිතාන සඳහන් කරන්නේ ; සීගිරියේ ඉදිකිරීම් සඳහා වැය කළ හත්කෝටියක ධනස්කන්ධය ද සුවිශාල මිනිස් ශ්‍රම ශක්තිය ද බලන කළ එහි බලකොටුවක් වශයෙන් ඇති අගය සීමා සහිත බවයි.සීගිරි කැටපත් පවුර , වේදිකාව කෙළවර පිහිටි මහා සිංහ රූපය , සිංහ ශරීරය තුළින් පර්වත ඉස්මත්තට විහිදුණු පියගැටපෙළ සහ පර්වත මුහුණත වූ ලලනා රූ රැගත් සිතුවම් යුධ බලකොටුවකට කිසිඳු සබඳතාවක් නොවූ අංග ලක්ෂණයන් බව පරණවිතාන මහතා පෙන්වා දෙයි.සීගිරි පර්වත මුදුණේ නටඹුන් අනුව මිනිස් වාසය සඳහා එහි වූයේ එක් කාමරයකින් වූ ගෘහයක් පමණි.ඒ අනුව සීගිරිය කලා කෞතුකාගාරයක් ,විනෝද මණ්ඩපයක් විය යුතු ය.",,අනුරාධපුර රාජධානිය,මෝරිය රාජවංශය,479,497,ධාතුසේන රජ, මොග්ගල්ලාන I
මොග්ගල්ලාන I,,,අනුරාධපුර රාජධානිය,මෝරිය රාජවංශය,497,515,,
කුමාර ධාතුසේන,,,අනුරාධපුර රාජධානිය,මෝරිය රාජවංශය,515,524,,
කිත්තිසේන,,,අනුරාධපුර රාජධානිය,මෝරිය රාජවංශය,524,524,,
සිව II,,,අනුරාධපුර රාජධානිය,මෝරිය රාජවංශය,524,525,,
උපතිස්ස II,,,අනුරාධපුර රාජධානිය,මෝරිය රාජවංශය,525,526,,
සිලාකාල අම්බසාමණේර,,,අනුරාධපුර රාජධානිය,මෝරිය රාජවංශය,526,539,,
දාඨාපභූති,,,අනුරාධපුර රාජධානිය,මෝරිය රාජවංශය,539,540,,
මොග්ගල්ලාන II,,,අනුරාධපුර රාජධානිය,මෝරිය රාජවංශය,540,560,,
කිත්තිසිරි මේඝවණ්ණ,,,අනුරාධපුර රාජධානිය,මෝරිය රාජවංශය,560,561,,
මහානාග රජ,මහානාග රජු දේවානම්පිය තිස්ස රජුගේ සොහොයුරා විය. රජුගේ ඇවෑමෙන් අනුරාධපුර රාජ්‍යයේ රජකම මහානාග යුවරජුහට නියමය තිබිණි. නමුත් දේවානම්පියතිස්ස රජුගේ බිසවක් වු අනුලා දේවිය මහානාග යුවරජු ඝාතනය සඳහා කුමන්ත්‍රණ සිදු කළාය. එම කුමන්ත්‍රණය වැරදීමෙන් ඇගේම පුත්‍රයා විෂ අඹ කෑමෙන් මියගියේ ය. ඒ අවස්ථාවේදී තමාගේ ජීවිතයට වූ තර්ජනය දැනගත් මහානාගරජු තම බිරිඳ වූ අනුලා බිසවද රුහුණට පැන ගොස් එහි නව රාජ්‍යක් ඇරඹීය. ඒ යන අතරතුර යඨාල නම් ස්ථානයේ දී ගැබ්බරව සිටි අනුලා බිසව දරුවෙකු ප්‍රසූත කළාය. ඔහුට යඨාලතිස්ස ලෙස නම් තැබීය. පසුව මහානාග රජු රුහුණේ මාගම පෙළපත ඇරඹීය. ඔහු එහි තිස්ස වැව සහ වලස් පොකුණ විශාල කර වලස් වැව කරවීය. මහානාග රජුගෙන් පසු ඔහු පුත් මාගම යඨාලතිස්ස රජවිය.,,අනුරාධපුර රාජධානිය,මෝරිය රාජවංශය,561,564,කිත්තිසිරි මේඝවණ්ණ,යඨාලතිස්ස රජ
අග්ගබෝධි I,,,අනුරාධපුර රාජධානිය,මෝරිය රාජවංශය,564,598,,
අග්ගබෝධි II,,,අනුරාධපුර රාජධානිය,මෝරිය රාජවංශය,598,608,,
සංඝතිස්ස II,,,අනුරාධපුර රාජධානිය,මෝරිය රාජවංශය,608,608,,
මොග්ගල්ලාන III,,,අනුරාධපුර රාජධානිය,මෝරිය රාජවංශය,608,614,,
සිලාමේඝවණ්ණ,,,අනුරාධපුර රාජධානිය,මෝරිය රාජවංශය,614,623,,
අග්ගබෝධි III,,,අනුරාධපුර රාජධානිය,මෝරිය රාජවංශය,623,623,,
ජෙට්ඨතිස්ස III,,,අනුරාධපුර රාජධානිය,මෝරිය රාජවංශය,623,624,,
අග්ගබෝධි III,,,අනුරාධපුර රාජධානිය,මෝරිය රාජවංශය,624,640,,
දාඨෝපතිස්ස I,,,අනුරාධපුර රාජධානිය,මෝරිය රාජවංශය,640,652,,
කස්සප II,,,අනුරාධපුර රාජධානිය,මෝරිය රාජවංශය,652,661,,
Iවන දප්පුල,,,අනුරාධපුර රාජධානිය,මෝරිය රාජවංශය,661,664,,
IIවන දාඨෝපතිස්ස,,,අනුරාධපුර රාජධානිය,මෝරිය රාජවංශය,664,673,,
IVවන අග්ගබෝධි,,,අනුරාධපුර රාජධානිය,මෝරිය රාජවංශය,673,689,,
උන්හනගර හත්ථදාඨ,,,අනුරාධපුර රාජධානිය,මෝරිය රාජවංශය,691,691,,
මානවම්මරජ,මනවම්ම කුමරු දෙවන දාඨෝපතිසුස රජුගේ කාලයේ ඉන්දියාවට පලා ගොස් එහිදී සටන් ශිල්ප හදාරා පසුව ඉන්දියාවේ පල්ලව රජුගේ හමුදාවට බැදී රජුගේ සිත දිනාගෙන පල්ලව රජුගේ උදවු ඇතිව සේනාවක් සමග ලංකාවට පැමින හත්ථදාට රජුමරා සිහසුන ලබාගත්හ ඉතා ධාර්මික රජෙක්විය,,අනුරාධපුර රාජධානිය,IIවන ලම්බකර්ණ රාජවංශය,691,726,හත්ථදාට රජු,Vවන අග්ගබෝධි
Vවන අග්ගබෝධි,,,අනුරාධපුර රාජධානිය,IIවන ලම්බකර්ණ රාජවංශය,726,732,,
IIIවන කස්සප,,,අනුරාධපුර රාජධානිය,IIවන ලම්බකර්ණ රාජවංශය,732,738,,
Iවන මහින්ද,,,අනුරාධපුර රාජධානිය,IIවන ලම්බකර්ණ රාජවංශය,738,741,,
VIවන අග්ගබෝධි,,,අනුරාධපුර රාජධානිය,IIවන ලම්බකර්ණ රාජවංශය,741,781,,
VIIවන අග්ගබෝධි,,,අනුරාධපුර රාජධානිය,IIවන ලම්බකර්ණ රාජවංශය,781,787,,
IIවන මහින්ද,,,අනුරාධපුර රාජධානිය,IIවන ලම්බකර්ණ රාජවංශය,787,807,,
IIවන දප්පුල,,,අනුරාධපුර රාජධානිය,IIවන ලම්බකර්ණ රාජවංශය,807,812,,
IIIවන මහින්ද,,,අනුරාධපුර රාජධානිය,IIවන ලම්බකර්ණ රාජවංශය,812,816,,
VIIIවන අග්ගබෝධි,,,අනුරාධපුර රාජධානිය,IIවන ලම්බකර්ණ රාජවංශය,816,827,,
IIIවන දප්පුල,,,අනුරාධපුර රාජධානිය,IIවන ලම්බකර්ණ රාජවංශය,827,843,,
IXවන අග්ගබෝධි,,,අනුරාධපුර රාජධානිය,IIවන ලම්බකර්ණ රාජවංශය,843,846,,
Iවන සේන,,,අනුරාධපුර රාජධානිය,IIවන ලම්බකර්ණ රාජවංශය,846,866,,
IIවන සේන,,,අනුරාධපුර රාජධානිය,IIවන ලම්බකර්ණ රාජවංශය,866,901,,
Iවන උදය,,,අනුරාධපුර රාජධානිය,IIවන ලම්බකර්ණ රාජවංශය,901,912,,
IVවන කස්සප,,,අනුරාධපුර රාජධානිය,IIවන ලම්බකර්ණ රාජවංශය,912,929,,
Vවන කස්සප,IIවන සේනගේ පුත්‍රයායි. Iවන උදයගේ උප-රජෙකි. මහාවංශ අටුවාව වන දම්පියා අටුවා ගැටපදය රචනා කරනු ලැබිය.,,අනුරාධපුර රාජධානිය,IIවන ලම්බකර්ණ රාජවංශය,912,929,IVවන කස්සප,IVවන දප්පුල
IVවන දප්පුල,,,අනුරාධපුර රාජධානිය,IIවන ලම්බකර්ණ රාජවංශය,939,940,,
Vවන දප්පුල,,,අනුරාධපුර රාජධානිය,IIවන ලම්බකර්ණ රාජවංශය,940,952,,
IIවන උදය,,,අනුරාධපුර රාජධානිය,IIවන ලම්බකර්ණ රාජවංශය,952,955,,
IIIවන සේන,,,අනුරාධපුර රාජධානිය,IIවන ලම්බකර්ණ රාජවංශය,955,964,,
IIIවන උදය,,,අනුරාධපුර රාජධානිය,IIවන ලම්බකර්ණ රාජවංශය,964,972,,
IVවන සේන,,,අනුරාධපුර රාජධානිය,IIවන ලම්බකර්ණ රාජවංශය,972,975,,
IVවන මහින්ද,,,අනුරාධපුර රාජධානිය,IIවන ලම්බකර්ණ රාජවංශය,975,991,,
Vවන සේන,,,අනුරාධපුර රාජධානිය,IIවන ලම්බකර්ණ රාජවංශය,991,1001,,
Vවන මහින්ද රජ,පස්වන මිහිදු රජු අනුරාධපුර රාජධානියේ අවසන් රජුය මෙතුමා පස්වන සේන රජුගේ සොහොයුරාය දුර්වල පාලකයෙකුවිය අදික බදු පැනවීම නිසා ජනයා තුල රජුකෙරේ සහයෝගය අඩුවිය ජනයා බදු ගෙවීම පැහැර හැරීමනිසා රජුගේ භාණ්ඩාගාර හිස්වූ බව සදහන් වෙයි යුධ ශක්තියෙන් හා ආර්ථික අතින් රජු ඉතාමත් දුර්වල වීමනිසා එවක දකුණු ඉන්දියාවේ අධිරාජ්යයක් බිහිකරමින් සිටි චෝලයන් ගේ අවධානය ලංකාව කෙරේ යොමුවිය රාජරාජ නම් චෝල අධිරාජයා ලංකාව ආක්‍රමණය කොට පස්වන මිහිදු රජු මරා සිහසුන පැහැර ගත්තේය.,,අනුරාධපුර රාජධානිය,IIවන ලම්බකර්ණ රාජවංශය,1001,1017,Vවන සේන,චෝළ පාලනය
Iවන රාජේන්ද්‍ර චෝළ,,,චෝළ ග්‍රහණයට නතු වූ අනුරාධපුර,චෝළ රාජවංශය,1017,1044,,
රාජාධිරාජ චෝළ,,,චෝළ ග්‍රහණයට නතු වූ අනුරාධපුර,චෝළ රාජවංශය,1018,1054,,
IIවන රාජේන්ද්‍ර චෝළ,,,චෝළ ග්‍රහණයට නතු වූ අනුරාධපුර,චෝළ රාජවංශය,1051,1063,,
වීරරාජේන්ද්‍ර චෝළ,,,චෝළ ග්‍රහණයට නතු වූ අනුරාධපුර,චෝළ රාජවංශය,1063,1070,,
අතිරාජේන්ද්‍ර චෝළ,,,චෝළ ග්‍රහණයට නතු වූ අනුරාධපුර,චෝළ රාජවංශය,1067,1070,,
පළමුවන විජයබාහු රජ,"පළමුවන විජයබාහු ( I වන විජයබාහු / මහා විජයබාහු / විජය බා ) ක්‍රි.ව. 1055 සිට 1110 දක්වා පොළොන්නරුව අග නගරය කර රාජ්‍ය කර වු ශ්‍රේෂ්ඨ සිංහල රජ කෙනෙකි. රාජ්‍ය ලේ උරුමය ඇතිව එතුමා උපන්නේය, එකල ශ්‍රී ලංකාවේ කොටසක් ආක්‍රමණික ඉන්දියාවෙහි චෝල අධිරාජ්‍යයයන් විසින් පාලනය කරන ලදි. 1055 දි රුහුණ හෙවත් දක්කිණදේශයේ පාලනය බාර ගත් එතුමා පසුව වසර 17 ක දිගු සටන් මෙහෙයුමකින් පසු 1070 දි චෝල ආක්‍රමණිකයන් සම්පුර්ණයෙන්ම ශ්‍රී ලංකාවේන් එලවා දැමිමට සමත් විය. සියවසකට පසු ශ්‍රී ලංකාව නැවත එක්සත් කිරිමට එමගින් එතුමාට හැකිවිය. එතුමාගේ පාලන කාලය තුල බුද්ධ ධර්මය නැවත පිහිටුවිමටත් යුද්ධය නිසා විනාශ වු යටිතල පහසුකම්, වෙහෙර විහාර, ගොඩනැගිලි ආදිය අළුත් වැඩියා කිරිමටත් කටයුතු කරන ලදි.",ලීලාවතී බිසව,පොළොන්නරු රාජධානිය,විජයබාහු රාජවංශය,1055,1110,හත්වන කස්සප,පළමුවන ජයබාහු
Iවන ජයබාහු,Iවන විජයබාහුගේ සොහොයුරායි. Iවන විජයබාහුගේ අග්‍රාමාත්‍යවරයා ද විය.,,පොළොන්නරු රාජධානිය,විජයබාහු රාජවංශය,1110,1111,පළමුවන විජයබාහු රජ,Iවන වික්‍රමබාහු
Iවන වික්‍රමබාහු,,,පොළොන්නරු රාජධානිය,විජයබාහු රාජවංශය,1111,1132,,
IIවන ගජබාහු,,,පොළොන්නරු රාජධානිය,විජයබාහු රාජවංශය,1131,1153,,
පළමුවන පරාක්‍රමබාහු රජ,"පළමුවන පරාක්‍රමබාහු ( මහා පරාක්‍රමබාහු 1123–1186) 1153 සිට 1186 දක්වා ශ්‍රී ලංකාවේ රජතුමා විය. එතුමාගේ අග නගරය වූ පොළොන්නරුව හි සිට එතුමාගේ රාජ්‍යත්වය තුලදී, දිවයිනෙහි උප රාජධානි තුන, එතුමා විසින් එක්සත් කරන ලදී. තම අග නගරය පුළුල් කෙරුමට හා විචිත්‍රවත් කෙරුමට යුහුසුළු වූ හේ, විසල් වාරිමාර්ග පද්ධතීන් ගොඩනැංවීම, රටෙහි යුද්ධ හමුදාව ප්‍රතිසංවිධානය කිරීම, බෞද්ධ පිළිවෙත් ප්‍රතිසංස්කරණය කිරීම, කලා කටයුතු වලට රුකුල් දීම ආදියෙහි නියැළුනු අතර, දකුණු ඉන්දියාව සහ මියන්මාරය හි හමුදා ක්‍රියාන්විතයන් හිද නිරත විය. ""අහසින් වැ‍ටෙන එක් දිය බිඳුවක්වත් මිනිසාගේ ප්‍රයෝජනයට නොගෙන මුහුදට එක් වීමට ඉඩ නොදිය යුතුය "" යන භාෂණය ඔහුගේ ජනප්‍රිය කියමන් අතුරින් එකකි.","ලීලාවතී රැජිණ, භද්‍රාවති දේවිය, රූපාවතී දේවිය",පොළොන්නරු රාජධානිය,විජයබාහු රාජවංශය,1153,1186,IIවන ගජබාහු,දෙවන විජයබාහු
IIවන විජයබාහු,,,පොළොන්නරු රාජධානිය,විජයබාහු රාජවංශය,1186,1187,,
VIවන මහින්ද,,,පොළොන්නරු රාජධානිය,විජයබාහු රාජවංශය,1187,1187,,
නිශ්ශංක මල්ල රජ,"කිර්ති නිශ්ශංක සහ කාලිංග ලෝකේශ්වර යන නාම වලින්ද හැඳින්වුන නිශ්ශංක මල්ල රජතුමා 1187 සිට 1196 දක්වා ශ්‍රී ලංකාව පාලනය කළේය. රජු විසින් නිශ්ශංක ලතා මණ්ඩපය, හැටදාගේ සහ රන්කොත් වෙහෙර ඉදිකරන ලද අතර පැරණි විහාර සහ වැවු රැසක් ප්‍රතිසංස්කරණය කරන ලදී. මහා පරාක්‍රමබාහු රජතුමාගේ අනුප්‍රාප්තිකයා වශයෙන් මෙරට රාජ්‍ය බලය හිමිකර ගත් විදේශීය කුමාරවරයකු ලෙස නිශ්ශංක මල්ල රජු පෙන්වා දිය හැකිය. ඉන්දියාවේ සිට පැ[Dear 1]මිණි කාලිංග වංශිකයෙකු වූ මොහුගේ සේවය මෙරටට කෙසේ ලැබුණේ ද යන්න මූලාශ්‍රය තොරතුරු සපයනු ලබයි. කාලිංග වංශික නිශ්ශංකමල්ල රජුගේ රාජ්‍ය වර්ෂය ලෙස සැලකෙනුයේ ක්‍රි. ව. 1187 - 1196 දක්‌වා කාලයයි. මොහු පිළිබඳ තොරතුරු ගවේෂණය කරන්නකුට සාහිත්‍ය මූලාශ්‍රය සහ සෙල්ලිපි යන අංශ දෙකෙන්ම තොරතුරු ගවේෂණය කර ගැනීමේ හැකියාව පවතී. විශේෂයෙන්ම සාහිත්‍ය මූලාශ්‍රයන් අතර, මහා වංසයෙහි දෙවැනි කොටසට හිමිවනුයේ අද්විතීය ස්‌ථානයකි. දඹදෙණි යුගයේ දී මයුරපාද පරිවෙණාධිපති බුද්ධපුත්‍ර හිමියන් විසින් රචිත පූජාවලිය තුළින් ද නිශ්ශංකමල්ල රජු පිළිබඳ තොරතුරු රැසක්‌ම ලද හැකිය.",කල්‍යාණවතී රැජින,පොළොන්නරු රාජධානිය,කාලිංග රාජවංශය,1187,1196,VIවන මහින්ද රජ,Iවන වීරබාහු
Iවන වීරබාහු,,,පොළොන්නරු රාජධානිය,කාලිංග රාජවංශය,1196,1196,,
IIවන වික්‍රමබාහු,,,පොළොන්නරු රාජධානිය,කාලිංග රාජවංශය,1196,1196,,
චෝඩගංග,,,පොළොන්නරු රාජධානිය,කාලිංග රාජවංශය,1196,1197,,
ලීලාවතී රැජින,පළමු වන පරාක්‍රමබාහු රජතුමා ශ්‍රී ලංකා ඉතිහාසයේ ස්වාධිපත්‍යය පැතිර වු දෙවැනි රජතුමා ලෙස ඉතිහාසයේ සඳහන් වේ. එතුමන්ගෙන් පසුව එතුමන්ගේ බිරිඳ වූ ලීලාවතී රැජන කිහිප වරක් සිංහාසනය දැරූ ලංකාවේ එකම රැජිනයි. පළමු වතාවට ක්‍රී. ව. 1197 සිට 1200 දක්වා වසර තුනක් පොළොන්නරුවේ පාලනය කළ ඔහු දෙවන වරටත් 1209 සිට 1210 දක්වා දෙවසරක් සිංහාසනයේ සිටියේය. තුන්වන වරටත් නැවත සිහසුනට පත් වූ ඇයට පාලනය කිරීමට හැකි වූයේ මාස හතක් පමණි.,පළමුවන පරාක්‍රමබාහු රජ,පොළොන්නරු රාජධානිය,විජයබාහු රාජවංශය,1197,1200,චෝඩගංග,සහස්සමල්ල
හස්සමල්ල,,,පොළොන්නරු රාජධානිය,කාලිංග රාජවංශය,1200,1202,,
කල්‍යාණවතී රැජින,"කල්‍යාණවතී රැජින යනුවෙන් හැඳින්වෙන්නේ 13වන සියවසේ පොළොන්නරු රාජධානියේ විසූ රැජිනකි. ඇය විසින් 1202 සිට 1208 දක්වා රාජ්‍ය පාලනය මෙහෙයවන ලදී. ශ්‍රී ලංකාවේ සිටි රාජ්‍ය පාලනය කළ රැජිනියන් කිහිප දෙනාගෙන් අයෙකි, ඇය. ඇය සහස්සමල්ලගෙන් පසුව පොළොන්නරුවේ රැජින ලෙස රාජ්‍යත්වයට පත්වූවා ය. ඇගෙන් පසු ධර්මාශෝක සිහසුනට පත් විය. ඇය නිශ්ශංකමල්ල රජුගේ අගබිසව වූවා ය.",නිශ්ශංක මල්ල රජ,පොළොන්නරු රාජධානිය,කාලිංග රාජවංශය,1202,1208,සහස්සමල්ල,ධර්මාශෝක
ධර්මාශෝක,අයස්මන්ත විසින් කල්‍යාණවතී රැජින ධුරයෙන් පහකොට මොහුව සිහසුනට පත්කරන ලදී.,,පොළොන්නරු රාජධානිය,කාලිංග රාජවංශය,1208,1209,කල්‍යාණවතී රැජින,අනිකංග
අනිකංග,,,පොළොන්නරු රාජධානිය,කාලිංග රාජවංශය,1209,1209,,
ලෝකිස්සර,,,පොළොන්නරු රාජධානිය,ලෝකිස්සර,1210,1211,,
IIවන පරාක්‍රම පාණ්ඩ්‍ය,"ආක්‍රමණික පාණ්ඩ්‍යයෙකි ජගත්පාල රජු සොළීන් විසින් මරණයට පත් කරන ලද අරාජික වූ රෝහණයේ රජ බවට පත්වූයේ මුලින් දක්වන ලද වික්‍රමපාණ්ඩ්‍ය රජුගේ පුත්‍රයා වූ පරාක්‍රම කුමාරයයා.සිය පියා ජගත්පාල රජු සමඟ පැවති සටනේදී දිවි පුදද්දී සිය දිවි රැකගැනීම සඳහා ඔහු සැඟවී යන්නට ඇත.ඔහු විදේශ රටකට ගිය බවක් සඳහන් නොවේ.ජගත්පාල රජුගෙන් පසු රජකමට පත්වූ පරාක්‍රම දේවර්ෂයක් රෝහණය පාලනය කළ පසු සොලීහු ඔහුද අල්ලා මැරූහ. මණිමංගලම් ලිපියෙහි සොළීන්ගෙන් විනාශ වුණු ශ්‍රී වල්ලභ මදන රාජ නම් අයකු ගැන කියවෙයි.සිංහල පොත්වල එබදු නමක් නොදැක්වේ.එහෙත් මහාවංසය දක්වන පරාක්‍රම පාණ්ඩ්‍ය රජු මෙයින් අදහස් කරතැයි පැහැදිලි කර ඇත. වික්‍රමපාණ්ඩ්‍ය හා පරාක්‍රම පාණ්ඩ්‍ය,පාණ්ඩ්‍ය වංශිකයන් බවට සැක නැත.සොළින්ගෙන් පහර වැදුණු පාණ්ඩ්‍ය කුමාරවරුන් සිංහලයන් සමඟ මිත්‍රව සිටින්නට ඇති බවත් ලංකාවේ සොලීන් මැඩීමට ඔවුන් ක්‍රියා කරන්නට ඇති බව පෙනේ. පරාක්‍රම පාණ්ඩ්‍ය රජු දවස කාලිංග මාග ගේ ආක්‍රමණයත් සමඟ 1215 දී පොළොන්නරු රාජධානියේ අභාවය සිදු විය.",,පොළොන්නරු රාජධානිය,පාණ්ඩ්‍ය රාජවංශය,1212,1215,ලීලාවතී රැජින,කාලිංග මාඝ
කාලිංග මාඝ,"කාලිංග මාඝ යනු ශ්‍රී ලංකාවේ මධ්‍යතන යුගයේ රජෙකු වන අතර ඔහු සිහියට නැගෙන්නේ ප්‍රාථමික වශයෙන් ඔහුගේ ක්‍රෑර හා පීඩාකාරී පාලනය නිසාවෙනි. 1215දී නැගෙනහිර ඉන්දියාවේ කාලිංග ප්‍රදේශයේ සිට මාඝ මෙහි පැමිණ මෙම රට ආක්‍රමණය කර වන අතර පරාක්‍රම පාණ්ඩ්‍ය සිහසුනෙන් පහකර ලීය. ඔහුගේ රාජ්‍යත්වය තුලදී, දේශීය සිංහලයන් ශ්‍රී ලංකාවේ දකුණු හා බටහිර ප්‍රදේශයන්ටද, රට අභ්‍යන්තරයෙහි මධ්‍ය කඳුකරයටද අතිමහත් වශයෙන් සංක්‍රමණය වූයේ ඔහුගේ පීඩාකාරී පාලනයෙන් මිදීමටය.[1] රජරට නමින් හැදුන්වුනු පුරාණ උතුරු ප්‍රදේශයේ බලය ලබා ගත් අවසාන රජු වුයේ මාඝයි. ඔහු උතුරේ සිංහල බලය විනාශ කිරීමට ගත් පෘථුල උත්සාහය කොතරම් ප්‍රබල වීද යත් රජරටින් බලයට පත් වු සෑම සිංහල රාජ්‍යවංශක්ම පැවතුනේ ප්‍රධාන වශයෙන් දිවයිනේ දකුණු දිශාවේය.",,පොළොන්නරු රාජධානිය,නැගෙනහිර ගංග රාජවංශය,1215,1255,පරාක්‍රම පාණ්ඩ්‍ය,IIIවන විජයබාහු
තුන්වන විජයබාහු රජ,ප්‍රාදේශීය නායකයෙක් ලෙස නැඟී ආ තුන්වන විජයබාහු ක්‍රිස්තු වර්ෂ 1232 දී දඹදෙනිය අග නගරය බවට පත් කරගෙන රාජ්‍යත්වයට පත්වු බෝධි වංශික කුමරෙක් විය. මායා රට එක්සත් කොට එහි දේශපාලන ස්ථාවරත්වයක් ඇති කිරීමට තුන්වන විජයබාහු රජුට හැකි විය. සමකාලීන මූලාශ්‍රවල තුන්වන විජයබාහු රජතුමාව හඳුන්වා ඇත්තේ වන්නි රජු හෙවත් වන්නි නිරිඳු යනුවෙනි. මාඝගේ ආක්‍රමණය නිසා කොත්මලේට ගෙන ගොස් පොළොවෙහි නිදන් කර තිබූ බුදුන් වහන්සේ ගේ දන්ත ධාතුව හා පාත්‍රා ධාතුව වැඩමවා ගෙන අවුත් කෑගලු දිස්ත්‍රික්කයේ බෙලිගල පර්වතය මුදුනේ දළදා මාලිගාවක් ඉඳි කර එහි තැන්පත් කර වූ බව පූජාවලිය නම් වූ ග්‍රන්ථයේ සඳහන් වේ. දළදා වහන්සේ ලබා ගැනීම සිංහාසනයට ඇති උරුමය තහවුරු කරන්නක් විය.,,දඹදෙණිය රාජධානිය,සිරි සඟ බෝ රාජවංශය,1220,1224,කාලිංග මාඝ,දෙවන පරාක්‍රමබාහු රජ
දෙවන පරාක්‍රමබාහු රජ,"දෙවන පරාක්‍රමබාහු යනු කලින් සිටි තුන්වන විජයබහු රජුගේ ලොකු පුතා ය.මායා රටේ රජු ලෙස මේ රජුගේ රාජ්‍ය කාලය ක්‍රිස්තු වර්ෂ 1234 සිට 1269 වන තෙක් ය. දෙවන පරාක්‍රමබාහු රජතුමා බෙලිගල තිබූ දාන්ත ධාතූන් වහන්සේදඹදෙනිය ට වැඩම කර අති උත්කර්ෂවත් දළදා පූජාවක් පවත්වාමාඝ ගෙන් රට මුදවා ගන්නා බවට මහජනතාව ඉදිරියේ ප්‍රතිඥාවක් ද දුන්නේය. භාසා ශාස්ත්‍ර, ආගම් ධර්මය ආදී විසයයන් පිළිබඳ මනා නිපුනතාවයක් තිබූ නිසා මහා පඬි රුවනක් වූ දෙවන පරාක්‍රමබාහු රජ ""කලිකාල සාහිත්‍ය සර්වඥ පණ්ඩිත"" යන උපාධි නාමයෙන් ද පිදුම් ලැබීය.",,දඹදෙණිය රාජධානිය,සිරි සඟ බෝ රාජවංශය,1234,1269,තුන්වන විජයබාහු රජ,හතරවන විජයබාහු රජ
හතරවන විජයබාහු රජ,ක්‍රිස්තු වර්ෂ 1270 දි දෙවන පරාක්‍රමබාහු රජතුමාගෙ මරණයෙන් පසු දඹදෙනිය අග නගරය කරගෙන රාජ්‍යත්වයට පත් වුනේ ඔහුගේ වැඩිමහළු පුත් විජයබාහු කුමාරයා ය. හතරවන විජයබාහු නමින් ප්‍රකට වූ මෙතුමා බෝසත් විජයබාහු නමින් ද හැඳින්වින. එහෙත් මෙම රජතුමාට බලයේ සිටිය හැකි වුනේ දෙවසරක් පමණි. මිත්ත නම් සෙන්පතියෙක් ක්‍රිස්තු වර්ෂ 1272 දී රජ ගෙදර මෙහෙකරුවෙකුට අල්ලස් දී රජු මරා දමා තෙමේ රජ විය. මිත්ත සෙන්පතියාට සිහසුනට උරුමයක් නොවූ අතර වැටුප් ප්‍රසාද දී හමුදාපතීන් පක්ෂ කරවාගෙන තමන්ට තර්ජනයක් විය හැකි බෝසත් විජයබාහු රජුගේ සොයුරු බුවනෙකබාහු ආදිපාදයන් මැරවීමට චරපුරුෂයන් යෙදවීය. මෙකල රාජ සේවයේ සිටි විදේශීය හමුදාංකයේ සිටි ආර්ය භටයන් මිත්තට අවනත නොවුණු අතර ඔවුන්ගේ නායක ඨකුරක සෙන්පතියා මිත්තව මරා දමා තමා එය සිදුකලේ සිහසුනට උරුමකම් කියන බුවනෙකබාහු ආදිපාදගේ උපදෙස් පරිදි බව සිංහල සෙන්පතියන්ට පැහැදිලි කර ඔවුන්ද පක්ෂ කොටගෙන බුවනෙකබාහු ආදිපාදයන් කැඳවා රජ කරවීය. බුවනෙකබාහු කුමරා පළමු බුවනෙකබාහු රජ නමින් දඹදෙනිය අග නගරය කරගෙන රජ විය. ඒත් ටික කලෙකින් පළමු බුවනෙකබාහු රජතුමා තම අග නගරය වශයෙන් යාපහුව තෝරා ගත්තේය.,,දඹදෙණිය රාජධානිය,සිරි සඟ බෝ රාජවංශය,1269,1270,දෙවන පරාක්‍රමබාහු රජ,
පළමු බුවනෙකබාහු රජ,බෝසත් විජයබාහු හෙවත් හතරවන විජයබාහු රජතුමාගෙන් පසු ක්‍රිස්තු වර්ෂ 1272 දී රාජ්‍යත්වයට පත් වූයේ පළමුවන බුවනෙකබාහු රජු ය. එතුමා ටික කලෙකින් යාපහුව බලකොටුවට ගොස් එහි සිට රාජ්‍ය කටයුතු මෙහෙයවීය. බෝසත් විජයබාහු රජුට පක්ෂපාතී ව සිටි වන්නි නායකයින් ද උතුරේ පෙළ ගැසෙමින් සිටි නායාකයින් ද මේ රජුට පැවති අභියෝගයින් විය. වාර්ෂික උපසම්පදා උත්සව ආදිය පැවැත්වූ මේ රජතුමා ක්‍රිස්තු වර්ෂ 1284 දී මිය ගියේය. මෙකල කුලසේකර නම් පාණ්ඩ්‍ය රජුගේ ආර්ය චක්‍රවර්ති නම් ඇමති විශාල හමුදාවක් රැගෙන විත් යාපහුව වටලා දළදා වහන්සේ රැගෙන ගිය බව මහා වංශය යේ දෙවන කොටසේ සඳහන් වේ. පළමු බුවනෙකබාහු රජුගේ මරණයෙන් පසු ඇති වූ තෙවසරක අරාජික කාලයට පසු රාජ්‍යත්වයට පත් වූයේ තුන්වන පරාක්‍රමබාහු රජතුමා ය.,,දඹදෙණිය රාජධානිය,සිරි සඟ බෝ රාජවංශය,1271,1284,හතරවන විජයබාහු රජ,අරාජික සමය
අරාජික සමය,,,දඹදෙණිය රාජධානිය,සිරි සඟ බෝ රාජවංශය,1283,1302,,
IIIවන පරාක්‍රමබාහු,ක්‍රිස්තු වර්ෂ 1284දී පළමු බුවනෙකබාහු රජතුමාගේ මරණයත් සමඟම සාගතයක් ඇති විය. මෙතැන් සිට වසර 6ක් පමණ ලංකාවේ පිළිගත හැකි රජෙක් නොසිටි නිසා එම කාලය අරාජික කාලයක් සේ සැලකේ. තුන්වන පරාක්‍රමබාහු ක්‍රිස්තු වර්ෂ 1287 දී පාණ්ඩ්‍ය දේශයට ගොස් දන්ත ධාතුව හා පාත්‍රා ධාතුව ලබා ගෙන පොළොන්නරුව අග නගරය කරගෙන රාජ්‍යත්වයට පත් විය. පොළොන්නරුවේ සිට රජ කළත් මෙම රජ සමය ත් යාපහුව යුගයට අයත් සේ සැලකේ. මෙතුමා ක්‍රිස්තු වර්ෂ 1292 වනතෙක් වසර 6ක් රජ කළේය. මෙයින් පසු තුන්වන පරාක්‍රමබාහු රජු පරාජය කර ක්‍රිස්තු වර්ෂ 1292 දී රාජ්‍යත්වයට පත් වූයේ දෙවන බුවනෙකබාහු රජතුමා ය.,,දඹදෙණිය රාජධානිය,සිරි සඟ බෝ රාජවංශය,1302,1311,අරාජික සමය,IIවන බුවනෙකබාහු
IIවන බුවනෙකබාහු,"තුන්වන පරාක්‍රමබාහු රජ පරාජය කළ දෙවන බුවනෙකබාහු කුමාරයා ක්‍රිස්තු වර්ෂ 1292 දී යාපහුව අගනුවර කරගෙන රජ විය. මේ රජතුමාව ශ්‍රී නිවාස බුවනෙකබාහු නමින්ද හැඳින්වේ. වසර 7ක් යාපහුවේ සිටි මෙම රජතුමා ඉන්පසු ක්‍රිස්තු වර්ෂ 1300 දී තම රාජධානිය ලෙස කුරුණෑගල තෝරා ගත්තේය. දෙවන බුවනෙකබාහු රජ ක්‍රිස්තු වර්ෂ 1302 වන තෙක් රාජ්‍ය බලයේ සිටියේය. දෙවන බුවනෙකබාහු රජතුමා ගේ ඇවෑමෙන් රාජ්‍යත්වයට පත් වූයේ ඔහු පුත් හතරවන පරාක්‍රමබාහු රජතුමා ය. ඉතිහාසය නැවත නැවත සිදු වීම නිසා දෝ නිරිතදිග රාජධානිවල මුල්ම රාජධානි මාරුව, එනම් අගනුවර දඹදෙනිය නගරයෙන් යාපහුව ට ගෙන ගියේ පළමු බුවනෙකබාහු රජතුමා ය. යාපහුව බලකොටුවෙන් කුරුණෑගල ට ගෙන ගියේ දෙවන බුවනෙකබාහු රජතුමා ය.",,දඹදෙණිය රාජධානිය,සිරි සඟ බෝ රාජවංශය,1310,1326,IIIවන පරාක්‍රමබාහු,IVවන පරාක්‍රමබාහු
IVවන පරාක්‍රමබාහු,"දෙවන බුවනෙකබාහු රජතුමාගේ ඇවෑමෙන් ඔහු පුත් හතරවන පරාක්‍රමබාහු ක්‍රිස්තු වර්ෂ 1302 දී කුරුණෑගල අගනුවර කරගෙන රාජ්‍යත්වයට පත් විය. කුරුණෑගල යුගය ප්‍රතාපවත් කළ ශ්‍රේෂ්ඨ නරපතියකු ලෙස මොහු වැදගත් වේ. බුදු දදහමට හා ශාස්ත්‍රීය අංශයේ දියුණුවට ඉමහත් සේවයක් මෙම රජතුමාගෙන් සිදු විය. එ නිසාම මෙතුමා පණ්ඩිත පරාක්‍රමබාහු රජ නමිනු ත් හැඳිවින. කුරුණෑගල නගරයේ දළදා මාලිගාවක් කරවීම, දළදා වහන්සේගේ ආරක්ෂාවට හා නඩත්තුවට ගම්වර පූජා කිරීම, දළදා සිරිත ලියවීම, ජාතක පොත සිංහලට හැරවීමට අනුග්‍රහය දැක්වීම,වීදාගම ඝනානන්ද පිරිවෙනට හා තොටගමුවේ විජයබා පිරිවෙනට අනුග්‍රහය දැක්වීම, මහනුවර අස්ගිරි සේනාසනය ආරම්භ කිරීම, සිංහල බෝධි වංශය අනාගත වංශය වැනි පොත් ලියවීම යනාදිය මෙම රජතුමාගෙන් වූ සේවාවන් ලෙස දැක්විය හැකිය. ක්‍රිස්තු වර්ෂ 1326න් මෙතුමාගේ රාජ්‍ය බලය අවසන් වූ පසු ක්‍රිස්තු වර්ෂ 1349 තෙක් තුන්වන බුවනෙකබාහු හා පස්වන විජයාබාහු යන රජවරු රාජ්‍යත්වයේ සිටියහ.",,දඹදෙණිය රාජධානිය,සිරි සඟ බෝ රාජවංශය,1325,1326,IIවන බුවනෙකබාහු,IIIවන බුවනෙකබාහු
IIIවන බුවනෙකබාහු,"ක්‍රිස්තු වර්ෂ 1325 හෝ 1326දී රාජ්‍යත්වයට පත් වූ මෙම රජතුමා හැඳින්වුනේ වන්නි බුවනෙකබාහු යන නමිනුයි. කිසිම අතීත රජ පෙළපතකට සම්බන්ධ නොවූ නිසාත් වන්නි ප්‍රධානියකු හැටියට ජීවිතය ඇරඹූ නිසාත් මෙම නම යෙදෙන්නට ඇතැයි සැලකේ. මේ රජ තම අගනුවර හැටියට තෝරා ගත්තේ කුරුණෑගල යි. මෙම රජතුමාට පසු, ක්‍රිස්තු වර්ෂ 1325 හෝ 1326දී රාජ්‍යත්වයට පත් වූයේ පස්වන විජයබාහු රජතුමා ය.",,දඹදෙණිය රාජධානිය,සිරි සඟ බෝ රාජවංශය,1325,1326,IVවන පරාක්‍රමබාහු,පස්වන විජයබාහු රජ
පස්වන විජයබාහු රජ,"ක්‍රි.ව. 1325 හෝ 1326 දී රාජ්‍යත්‍වයට පත් වූ පස්වන විජයබාහු රජතුමා, යාපනය රාජධානියෙහි චන්ද්‍රභානුගේ දෙවන පුත්‍රයා ය. මේ රජතුමා ද තම අගනුවර ලෙස තෝරා ගත්තේ කුරුණෑගල යි.",,දඹදෙණිය රාජධානිය,සිරි සඟ බෝ රාජවංශය,1326,1344,IIIවන බුවනෙකබාහු,හතරවන බුවනෙකබාහු 
හතරවන බුවනෙකබාහු රජ,"කලින් උප නගරයක් ව පැවතුනු නිසාත්, කඳු කිහිපයකින් වට වූ තැනිතලා බිමක පිහිටි නිසාත්, ශ්‍රී පාද මාර්ගයේ සන්ධිස්ථානයක පිහිටි නිසාත්, මහවැලි ගඟ ගලා බසින නිම් තෙරෙහි පිහිටි නිසාත්, ක්‍රිස්තු වර්ෂ 1341 දී රජ වූ හතරවන බුවනෙකබාහු කුමරු තම අග නගරය වශයෙන් ගම්පොළ තෝරා ගත්තේය. ඒ කාලයේම ඔහුගේ සහෝදර පස්වන පරාක්‍රමබාහු කෑගලු දිස්ත්‍රික්කයේ දැදිගම පාලනය කළේය. මේ යුගයේම අලකේශ්වර නම් වූ ප්‍රභූ පරම්පරාවක් කළුතර දිස්ත්‍රික්කයේ රයිගම බලවත් වී සිටි අතර, ගම්පොළ රජ පවුල හා සම්බන්ධතා පැවැත්වූ තවත් ප්‍රධාන පවුලක් වශයෙන් සේනාධිලංකාර සෙනෙවිරත් පවුල හැඳින්විය හැකිය. ඉතිහාසය නැවත නැවත සිදු වීම නිසා දෝ නිරිතදිග රාජධානිවල මුල්ම රාජධානි මාරුව, එනම් අගනුවර දඹදෙනිය නගරයෙන් යාපහුව ට ගෙන ගියේ පළමු බුවනෙකබාහු රජතුමා ය. යාපහුව බලකොටුවෙන් කුරුණෑගල ට ගෙන ගියේ දෙවන බුවනෙකබාහු රජතුමා ය. කුරුණෑගලින් ගම්පොළට ගෙන ගියේ සතරවන බුවනෙකබහු රජතුමා ය. ක්‍රිස්තු වර්ෂ 1351 දක්වා මෙතුමා රජ කළ අතර ඉන් පසු රාජ්‍යත්වයට පත් වූයේ පස්වන පරාක්‍රමබාහු රජතුමා ය.",,ගම්පොළ රාජධානිය,සිරි සඟ බෝ රාජවංශය,1344,1359,පස්වන විජයබාහු රජ,Vවන පරාක්‍රමබාහු
Vවන පරාක්‍රමබාහු,ක්‍රිස්තු වර්ෂ 1344 සිට දැදිගම තමාගේම රාජධානියක් පවත්වා ගෙන ආ මෙම රජතුමා හතරවන බුවනෙකබාහු රජතුමාගෙන් පසුගම්පොළ රාජ්‍යත්වයට පත් විය. හතරවන බුවනෙකබාහු රජුගේ කාලයේ මෙන්ම මෙම රජතුමාගේ කාලයෙත් සේනාධිලංකාර නම් අමාත්‍යාවරයා රජුටත් වඩා බලවත් වී සිටි අතර මෙම පුද්ගලයා දකුණු ඉන්දියානු පරපුරකට සම්බන්ධ බව මහාචාර්ය සෙනරත් පරණවිතාන ශූරීන් පෙන්වා දී තිබේ. ක්‍රිස්තු වර්ෂ 139 දී පස්වන පරාක්‍රමබාහු රජතුමාගෙන් පසු රාජ්‍යත්වයට පත් වූයේ තුන්වන වික්‍රමබාහු රජතුමාය.,,ගම්පොළ රාජධානිය,සිරි සඟ බෝ රාජවංශය,1344,1359,හතරවන බුවනෙකබාහු රජ,IIIවන වික්‍රමබාහු
IIIවන වික්‍රමබාහු,පැරණි ගම්පොල රාජධානියේ රජකල රජෙකි. හෙණ කඳ බිසෝ බණ්ඩාර නමින් දේවත්‍වෙයන් සලකන්නේ මොහුගේ අග බිසව බව සැලකේ.,හෙණ කඳ බිසෝ බණ්ඩාර,ගම්පොළ රාජධානිය,සිරි සඟ බෝ රාජවංශය,1357,1374,Vවන පරාක්‍රමබාහු,පස්වන බුවනෙකබාහු රජ
පස්වන බුවනෙකබාහු රජ,තුන්වන වික්‍රමබාහු රජතුමාගෙන් පසු ගම්පොල රජ වූයේ පස්වන බුවනෙකබාහු රජු ය. ක්‍රිස්තු වර්ෂ 1372 සිට 1408 දක්වා කාලය මෙතුමාගේ රාජ්‍ය කාලය වශයෙන් සැලකේ.මේ කාලයේදී නැවතත් ආර්ය චක්‍රවර්ති ගොඩින් හා මුහුදින් සිංහල රාජ්‍යයට පහර දුන්නත් අලගක්කෝනාර ගේ ශූර මෙහෙයවීමෙන් ඒ හමුදාංක දෙකම පරාජයට පත් කරනු ලැබීය. මේ රජු ක්‍රිස්තු වර්ෂ 1396 දී පමණ තම රාජධානිය කෝට්ටේ ට ගෙන ගිය අතර කොට්ටේ පුරවරය සැලසුම් සහගත ව ඉඳි කරන ලද්දේ නිශ්ශංක අලගක්කෝනාර විසිනි. මේ රජුගෙන් පසු ක්‍රිස්තු වර්ෂ 1412 දී බලයට පැමිණියේ හයවන පරාක්‍රමබාහු රජතුමා ය. ක්‍රිස්තු වර්ෂ 1408 සිට 1412 දක්වා කාලය අනුමාන කිරීමට සිදු ව ඇත.,,ගම්පොළ රාජධානිය,සිරි සඟ බෝ රාජවංශය,1397,1409,IIIවන වික්‍රමබාහු,IIවන වීරබාහු
අලගක්කෝනාර,"අලගක්කෝනාර නැතහොත් අලකේශ්වර යනු 3 වන වික්‍රමබාහුගේ රජුගේ කාලයේ (1357-1374 ) ශ්‍රී ලංකාවේ සිටි සේනාධිනායකයෙකි. සමහර විද්වතුන්ගේ මතය වන්නේ ඔහුගේ පවුලට මලයාලම් සමිභවයක් ඇති බවයි , සමහරෙක් ඔවුන්ගේ ආරමිභය ඉන්දියාවේ තමිල්නාඩු වල කාංචිපුර යයි පවසති. 13 වන සියවසේ පමණ ශ්‍රී ලංකාවට පැමිණි ඔවුන්,ශ්‍රී ලංකාවට අනුව හැඩගැසුණි[තහවුරු කරන්න]. එම පවුලේ එක් සාමාජිකයෙක් ශ්‍රී ලංකාවේ වර්තමාන අගනුවර වන ශ්‍රී ජයවර්ධනපුර කෝට්ටේ ආරමිභයට මූලික විය. එකල ශ්‍රී ජයවර්ධනපුර කෝට්ටේ හා රයිගම බලකොටු , යාපන රාජධානියෙහි ආර්ය චක්‍රවර්ති ගේ ආක්‍රමණයන්ට එරෙහි ව භාවිතා කරන ලදි. ක්‍රි: ව 1411 දි චින අද්මිරාල් ෂැන් හේ විසින් අලගක්කෝනාර පවුලේ නායක වු වීර අලකේශ්වර ඔවුන්ගේ සිර භාරයට ගත් පසු එම පවුලේ බලය බෙහෙවින් පිරිහුණි.",,ගම්පොළ රාජධානිය,සිරි සඟ බෝ රාජවංශය,1372,1392,IIවන වීරබාහුගේ පුත්‍රයෙක්,පරාක්‍රමබාහු ඈපා
හයවන පරාක්‍රමබාහු රජු,"කෝට්ටේ යුගය ආලෝකමත් කළ ශ්‍රේෂ්ඨතම පාලකයා වූයේ පස්වන බුවනෙකබාහු රජතුමාගෙන් පසු බලයට පත් වූ හයවන පරාක්‍රමබාහු රජු ය. ක්‍රිස්තු වර්ෂ 1415 සිට ක්‍රිස්තු වර්ෂ 1467 දක්වා වසර 53ක් රජ කළ මේ රජතුමා මුළු ලංකාවම එක්සේසත් කළ පාලකයෙක් විය. මේ රජු අභිෂේකයෙන් වසර 3කට පසු තම අගනුවර කෝට්ටේ ට ගෙන ගියේය. කෝට්ටේ නගරය අංග සම්පූර්ණ නගරයක් බවට අත් වූයේ මේ කාලයේ ය. මේ කාලය ලංකා ඉතිහාසයේ අවසාන විභූතිමත් කාලය ලෙස සැලකේ. මේ රජු සමයේ සිදු වූ වැදගත් සිදුවීම් අතර යාපනය හා වන්නි ප්‍රදේශ ඈඳා ගැනීම, මලය රටෙහි හට ගත් කැරැල්ලක් මැඬලීම, වන්නි ප්‍රදේශවල ස්වාධීන ව නැඟී ආ නායකයින් අවනත කර ගැනීම, යාපනයේ පාලකයා ලෙස සපුමල් කුමරු පත් කිරීම, විජයනගර් අධිරාජ්‍යයේ තොටුපොළක් ආක්‍රමණය කිරීම, ක්‍රිස්තු වර්ෂ 1462 දී ජෝතිය සිටානන් ඇති කළ කැරැල්ලක් මැඬලීමට අම්බුළුගල කුමරු යැවීම හා වෙළඳ ගනුදෙනුවක් මුල් කරගෙන දකුණු ඉන්දියාවේ අදිවිරරාම පටුන ආක්‍රමණය කිරීම ද වෙයි. ක්‍රිස්තු වර්ෂ 1467 දී මේ රජතුමා මිය ගිය විට එතුමාගේ දියණියගේ පුතා වූ ජයබාහු කුමරා දෙවන ජයබාහු රජ නමින් බලයට පත් විය.",ස්වර්ණ මාණික්‍යා කුමරිය,කෝට්ටේ රාජධානිය,සිරි සඟ බෝ රාජවංශය,1415,1467,පස්වන භුවෙනෙකබාහු රජ,දෙවන ජයබාහු රජ
දෙවන ජයබාහු රජ,"ක්‍රිස්තු වර්ෂ 1467 දී හයවන පරාක්‍රමබාහු රජතුමා මිය ගිය විට එතුමාගේ දියණියගේ පුතා වන ජයබාහු කුමරු දෙවන ජයබාහු නමින් කෝට්ටේ රජකමට පත් විය. තමාට රජකම නොලැබීම නිසා කෝපයට පත්, යාපනයේ පාලකයා වූ සපුමල් කුමරු කෝට්ටේට පැමිණ දෙවන ජයබාහු රජු මරා ක්‍රිස්තු වර්ෂ 1469 දී හයවන බුවනෙකබාහු රජ නමින් කෝට්ටේ බලයට පත් විය.",,කෝට්ටේ රාජධානිය,සිරි සඟ බෝ රාජවංශය,1472,1480,හයවන පරාක්‍රමබාහු රජු,VIවන බුවනෙකබාහු
VIවන බුවනෙකබාහු,හයවන පරාක්‍රමබාහු රජ විසින් සපුමල් කුමරු යාපනයේ පාලකයා ලෙස පත් කර යැවීය. ඒ රජුගේ මරණින් පසු ඔහුගේ මුණුපුරා වූ ජයබාහු කුමරු දෙවන ජයබාහු රජ නමින් බලයට පත් වීම නොරිස්සූ සපුමල් කුමරු නැවත් කෝට්ටේට පැමිණ ජයබාහු මරා හයවන බුවනෙකබාහු නමින් රජකමට පත් විය. ජයබාහු රජුගේ ඝාතනය ගැන කුපිත වූ කළු ගඟ හා වළවේ ගඟ අසළ ප්‍රඩේශයේ ජනතාව හයවන බුවනෙකබාහු රජුට විරුද්ධව කැරලි ගැසූහ. සපුමල් කුමරු හෙවත් හයවන බුවනෙකබාහු රජු තම සහෝදරයා වන අම්බුළුගල කුමරු මෙම කැරැල්ල මැඬ පැවැත්වීමට යැවූව ද ඔහුට එම කැරැල්ල මැඬ පැවැත්වීමට වසර 4ක් ගත් විය. මේ කාලයේ ගම්පොළ පාලකයා වූයේ සේනාසම්මත වික්‍රමබාහු ය. ඔහු තමන්ගේ අගනුවර ගම්පොළින් පේරාදෙණියටත් එතැනින් මහනුවරටත් මාරු කළේය. හයවන බුවනෙකබාහු රජුගෙන් පසු ඔහුගෙ පුත් හත්වන පරාක්‍රමබාහු රජ නමින් බලයට පත් විය.,,කෝට්ටේ රාජධානිය,සිරි සඟ බෝ රාජවංශය,1467,1473,දෙවන ජයබාහු රජ,VIIවන පරාක්‍රමබාහු
VIIවන පරාක්‍රමබාහු,හයවන බුවනෙකබාහු රජතුමාගෙන් පසු බලයට පැමිණියේ ඔහු පුත් හත්වන පරාක්‍රමබාහු ය. ක්‍රිස්තු වර්ෂ 1480 සිට 1484 දක්වා ඔහු රාජ්‍යත්වයේ සිටියේය.,,කෝට්ටේ රාජධානිය,සිරි සඟ බෝ රාජවංශය,1480,1484,VIවන බුවනෙකබාහු,VIIIවන පරාක්‍රමබාහු
VIIIවන පරාක්‍රමබාහු,"අම්බුළුගල කුමරු කෝට්ටේට පැමිණ හත්වන පරාක්‍රමබාහු රජ මරා දමා අටවන වීර පරාක්‍රමබාහු නමින් කෝට්ටේ රජ විය. පෙළ පොතෙහි මෙම වර්ෂය ක්‍රිස්තු වර්ෂ 1490 ලෙස සඳහන් වෙතත් ඉන්ද්‍රකීර්ති සිරිවීර විද්වතාණන් ලියූ ""රජරට ශිෂ්ඨාචාරය හා නිරිතදිග රාජධානි"" නම් පොතෙහි සඳහන් වන්නේ මෙම වර්ෂය ක්‍රිස්තු වර්ෂ 1484 බවයි.",,කෝට්ටේ රාජධානිය,සිරි සඟ බෝ රාජවංශය,1484,1518,VIIවන පරාක්‍රමබාහු,IXවන ධර්ම පරාක්‍රමබාහු
සත්වන විජයබාහු රජ,"සත්වන විජයබාහු රජ යනු, කෝට්ටේ ප්‍රතිස්ථාපිත කල සයවන පරාක්‍රමබාහු රජ විසින් හදාගත් දරුවකු වන අටවන වීර පරක්‍රමබාහු රජගේ පුත්‍රයාය. ඔහු උපන්නේ 1445 දී පමණ වන අතර ඔහුගේ සහෝදරයන් වන ශ්‍රී රාජසිංහ, නවවන ධර්ම පරාක්‍රමබාහු රජ, සහ රයිගම් බණ්ඩාර යන්නන් සමග ඇතිදැඩි විය. මනම්පේරි ආරච්චි වෙත විවාහපත්ව සිටි සහෝදරියක්ද ඔහුට සිටියේය. ඔහුගේ වැඩිමහළු සොහොයුරු නවවන ධර්ම පරාක්‍රමබාහු රජුගේ මරණයෙන් පසු, කෝට්ටේ ජනතාවට අවශ්‍ය වූයේ ඔහුගේ අඩ සොහොයුරු, සකලකලා වල්ලභ, රජු බවට පත් වීමටය. ඒ වන විට ඔහු උඩුගම්පොල උපරාජ විය. කෙසේවෙතත්, සිංහල රජුන් පිළිබඳ කතාන්තරයක් වන රාජාවලිය අනුව, ඔහුගේ අඩ සොහොයුරු සකලකල වල්ල විසින් විජයබාහු වෙත කිරුළ පැළඳුවේ සත්වන විජයබාහු ලෙසිනි. මොහු සිංහාසනාරූඪ වූයේ ක්‍රි.ව. 1513 දීය.","අනුලා කහතුඩ, කිරිවැල්ලේ බිසෝ බණ්ඩාර",කෝට්ටේ රාජධානිය,සිරි සඟ බෝ රාජවංශය,1513,1521,IXවන ධර්ම පරාක්‍රමබාහු,සත්වන බුවනෙකබාහු රජ
සත්වන බුවනෙකබාහු රජ,"හත්වන බුවනෙකබාහු කෝට්ටේ රජු වූ සත්වන විජයබාහු රජුගේ හා ඔහුගෙ අග බිසවගේ වැඩිමහල් දරුවා විය.  1468දී උපන් ඔහුගේසොහොයුරන් වූයේ මායාදුන්නේ හා රයිගම බණ්ඩාර ය. ඔහුගේ පියගේ දෙවන විවාහයේ නව බිසව, දේව රාජසිංහ නම් වෙනත් අයෙකුගෙ පුතෙකු ද රැගෙන ආ අතර රජු ඔහුට තමාගෙන් පසු රජකම ලබා දීමට අදහස් කළ බැවින්  බුවනෙකබාහු හා ඔහුගේ සොයුරන් දෙදෙනා රාජධානිය අත්හැර පලා යාමට පෙළඹුනු අතර ඔවුන් නැවත පැමිණියේ උඩරට රාජධානියෙන් ලැබුණු හමුදාවක් ද සමගිනි.",,කෝට්ටේ රාජධානිය,සිරි සඟ බෝ රාජවංශය,1521,1550,සත්වන විජයබාහු රජ,දොන් ජුවන් ධර්මපාල රජ
දොන් ජුවන් ධර්මපාල රජ,දොන් ජුවන් ධර්මපාල ශ්‍රී ලංකාව පාලනය කළ රජ කෙනෙකි. ඒ වසර 1551 සිට 1597 මැයි 27 දක්වාය. ඔහු හත්වන බුවනෙකබාහු රජ තුමාගේ මුණුපුරා ද වීදිය බංඩාරගේ හා සමුද්‍රදේවියගේ පුත්‍රයා ද වේ. බුවනෙකබාහු රජුගේ මරණින් පසුව ධර්මපාල කුමාරයා රාජාභිෂේක ලැබීය. ඔහු ශ්‍රී ලංකාවේ පළමු කතෝලික රජු විය.ඉතා දුර්වල පාලකයෙකු වූ මෙතුමා කෝට්ටේ රාජධානිය පෘතුගීසීන්ට තෑගි ඔප්පුවක් මගින් පවරදුන්හ මෙතුමා ඉතා ලබාල අවදියේදී පෟතුගීසින්ගේ වුවමනාවට සිහසුනට පත්වුවෙකු විය එක් අතකට මෙතුමා ලංකාවේ සිටි අවාසනාවන්තම රජු ලෙස සැලකිය හැක සිංහල ඉතිහාසය තුල සිහසුනට පත්වූ එකම කතෝලික සිංහල රජු ඔහුවිය මෙතුමා කෙතාලික දහම වැලදගෙන භෞතිස්ම ලැබූවක් විය කෙසේ වෙතත් මෙතුමාට වැඩිකලක් සිහසුන හෙබවීමට නොහැකිවිය කතොලික රජකු වීම නිසාත් දුර්වල පාලනය නිසාත් මහජන ප්‍රසාදය ලබාගැනීමට නොහැකිවිය සිහසුන හැරදමා පෘතුගීසි ආරක්ෂාව යටතේ කොළඹ පිහිටි බලකොටුවේ සිටියදී මිය ගියහ,,කෝට්ටේ රාජධානිය,සිරි සඟ බෝ රාජවංශය,1551,1597,සත්වන බුවනෙකබාහු රජ,පළමුවන ෆිලිප් රජ
මායාදුන්නේ රජ,"මායාදුන්නේ රජ (1501–1581) සීතාවක රාජධානියේ, 1521 සිට 1581 දක්වා වසර 60 ක කාලයක් රජකම් කළේය. මායාදුන්නේ 1505 දී මෙරටට පැමිණි පෘතුගීසි ජාතිකයන්ගේ සැඩපරුෂ සතුරෙක් විය. ඔහු තම ජීවිතයම කැපකරන ලද්දේ තම සොයුරු බුවනෙකබාහු, හෙවත් කෝට්ටේ රාජධානියේ රජ බලයෙන් පහ කර එයින් පෘතුගීසි කුමන්ත්‍රණ නිසා පීඩාවට පත්ව තිබූ ශ්‍රී ලංකාවේ නිදහස රැකගැනීමට ය. ඔහු නිතර තම සොයුරා වූ බුවනෙකබාහුගේ රාජ්‍යයට ආක්‍රමණ එල්ල කරන ලදී",,සීතාවක රාජධානිය,සිරි සඟ බෝ රාජවංශය,1501,1581,දොන් ජුවන් ධර්මපාල රජ,පළමුවන රාජසිංහ රජ
පළමුවන රාජසිංහ රජ,සීතාවක රාජධානියයේ රජෙකු වන රාජසුරිය රජු පළමුවන රාජසිංහ රජගේ මුණුබුරෙකි.ඔහු 1593 රජ වන්නේ මහා බිසෝ බණ්ඩාර දේවිය ගේ උපකාරයේනි.නමුත් I රාජසිංහ රජුට හිතවත්ව සිටි අරිට්ඨ කී වෙණ්ඩු පෙරුමාල් කුමන්ත්‍රණ කොට ඔහු මරා දැමිය.,,සීතාවක රාජධානිය,සිරි සඟ බෝ රාජවංශය,1593,1593,මායාදුන්නේ රජ,රාජසුරිය රජු
රාජසුරිය රජු,,,සීතාවක රාජධානිය,සිරි සඟ බෝ රාජවංශය,1581,1594,පළමුවන රාජසිංහ රජ,හා බිසෝ බණ්ඩාර
පළමුවන විමලධර්මසූරිය රජ,"උපතින් කොනප්පු බණ්ඩාර ලෙස හැඳින්වුනු මෙතුමාගේ පියා පළමුවැනි රාජසිංහ රජුගේ රාජ්‍යයට එරෙහිව කැරලි ගැසුවේ යැයි සැකයට ලක්වී බොරුවලකට වට්ටවා මරවනු ලැබීය. ඉන්පසු ආරක්ෂාව පතා පෘතුගීසීන් වෙත ගොස් කතෝලික දහමද වැළඳගෙන දොන් ජෝන් (දොන් ජෝන් ඔෆ් ඔස්ට්‍රියා, Don John of Austria) නමින් බෞතීස්ම ලබා සිටියේය. උඩරට යටත් කරගෙන සීතාවක සිට රජකම් කළ පළමුවන රාජසිංහ රජු පරාජය කිරීමට දොන් පිලිප් (යමසිංහ බණ්ඩාර) නම් රජකමට උරුමකම් කියන කුමාරයෙක් සමඟ පෘතුගීසීන්ට උදව් කළේය. නමුත් පෘතුගීසින් රජකමට පත්කළේ ඔහුව නොව දොන් පිලිප් නම් කුමාරයාවය. මීට එරෙහි වූ දොන් ජෝන් පෘතුගීසින් ඉවත්ව යනතෙක් සිට දොන් පිලිප් ට වස දී මරා දැමීය. පෘතුගීසින්ට තර්ජනය කොට මහනුවරින් එළවා දැමුවේ යැයි කියවේ. ඉන්පසු ප්‍රසිද්ධියේම කතෝලික දහම අතහැර බුදු දහම වැළඳ ගත්තේය. පළමුවන විමලධර්මසූරිය ලෙසින් සෙංකඩගල රජ විය.",කුසුමාසන දේවිය,මහනුවර රාජධානිය ,දිනරාජ රාජවංශය ,1591,1604,පළමුවන රාජසිංහ රජු,සෙනරත් රජු
සෙනරත් රජු,සෙනරත් ( සෙනරත් අඳසින් ) රජු ක්‍රි. ව. 1604 සිට 1635 දක්වා මහනුවර අගනුවර කර ශ්‍රී ලංකාවේ පාලනය ගෙන යන ලදී.[1][2] එතුමා පළමුවන විමලධර්මසූරිය රජුගේ සහෝදරයයි .,කුසුමාසන දේවිය,මහනුවර රාජධානිය ,දිනරාජ රාජවංශය ,1604,1635,පළමුවන විමලධර්මසූරිය රජ,IIවන රාජසිංහ
IIවන රාජසිංහ,දෙවැනි රාජසිංහ (අභිෂේකයට පෙර මහා අස්ථාන කුමරු) රජු (ක්‍රි:ව 1634 -1686 දක්වා පාලනය කළ) සිංහල රජෙකි. ඔහු ශ්‍රී ලංකාවේ කන්ද උඩරට රාජධානියේ තෙවැනි සිංහල රජුය. රාජසිංහ රජු පෘතුග්‍රීසීන් ලංකාවෙන් පළවා හැරීමට ලන්දේසීන්ගේ උදව් පැතුවේය. ඔව්හු 1656 දී එය ඉතා සාර්ථකව ඉටු කළහ. එහෙත් ඒ වන විට ලන්දේසීන්ගේ පරමාර්ථය වී තිබුණේ පෘතුග්‍රීසීන් ලංකාවෙන් පළවා හැරීම පමණක් නොව දිවයිනෙහි ප්‍රධාන යටත් විජිත බලවතා වීම බව උඩුරැටියනට ඒ වන විට පැහැදිළි වී තිබුණි. රාජසිංහ 1645 සිට තම කලින් සතුරු කණ්ඩාම් සමග විටින් විට සටන්වල නිරත වෙමින් සිටියේය.,,මහනුවර රාජධානිය ,දිනරාජ රාජවංශය ,1634,1686,සෙනරත් රජු,IIවන විමලධර්මසූරිය
IIවන විමලධර්මසූරිය,IIවන රාජසිංහ රජ පුත් විය.,,මහනුවර රාජධානිය ,දිනරාජ රාජවංශය ,1687,1707,IIවන රාජසිංහ,ශ්‍රී වීර පරාක්‍රම නරේන්ද්‍රසිංහ රජ
ශ්‍රී වීර පරාක්‍රම නරේන්ද්‍රසිංහ රජ,"ශ්‍රී වීර පරාක්‍රම නරේන්ද්‍රසිංහ (වීර පරාක්‍රම නරේන්ද්‍රසිංහ) රජු සිංහල රාජ වංශයේ අන්තිම සිංහල රජුයි. එතුමා ක්‍රි.ව.1707 සිට 1739 දක්වා මහනුවර රාජධානියේ රාජ්‍යත්වයට පත් විය. එතුමා II වන විමලධර්මසූරිය රජුගේ පුත්‍රයායි. ශ්‍රී වීර පරාක්‍රම නරේන්ද්‍රසිංහ රජු වයස 17 දි සිහසුනට පත් වූ අතර වසර 32 රාජ්‍යය පාලනය කලේය. එතුමා උගත් මෙන්ම ශ්‍රද්ධාවන්ත රජ කෙනෙකු ලෙස සළකනු ලැබුවේය. පෙර රාජ්‍යත්වය දැරූවන් මෙන් එතුමාද ලන්දේසි ආක්‍රමණිකයන් සමග සමාදානයෙන් කටයුතු කලේය. එමෙන්ම එතුමා සාහිත්‍ය හා ආගමික චිරස්ථිතිය උදෙසා මහඟු කැපවිමක් කලේය. එතුමාගේ බිසව දකුණු ඉන්දියාවේ මදු‍රෙයි නගරයේ නායක්කර් රාජකීය පවුලේ කුමාරිකාවක් විය. රජුට සිහසුනට පත් කිරිම සදහා දරුවෙකු ලැබුණේ නැත. එම නිසා රජු ඔහුගේ අනුප්‍රාප්තිකයා ලෙස තම පළමු බිසවගේ සහෝදරයා නම් කළේය(ශ්‍රී විජය රාජසිංහ රජ), එමගින් සිංහලේ රාජාවලිය අවසන් වන තුරු.උඩරට පාලනය කරන ලද දුර්වලම පාලකයා මොහුය.","මදුරෙයි මනාලියන් දෙදෙනෙකු, මාතලේ මොණරවිල දිසාවේගේ දියණිය",මහනුවර රාජධානිය ,දිනරාජ රාජවංශය ,1707,1739,IIවන විමලධර්මසූරිය,ශ්‍රී විජය රාජසිංහ රජ
ශ්‍රී විජය රාජසිංහ රජ,"නරේන්ද්‍ර සිංහ රජුගේ පළමු බිරිඳගේ සහෝදරයා නොහොත් රජුගේ මස්සිනා වූ ශ්‍රී විජය රාජසිංහ එම නමින්ම මහනුවර රාජධානියේ රජු ලෙස සිහසුනට පත් විය. ඔහු දකුණු ඉන්දියාවේ විජයනගර් පරම්පරාවෙන් පැවත එන්නෙකි. ඔහුගේ සම්භවය ද මදුරෙයි නගරයයි. නව රජු සැලකිය යුතු තරමේ ප්‍රබුද්ධයෙකු විය. හින්දු භක්තිකයෙකු වුවත් ජාතික ආගම වූ බුද්ධාගමේ උන්නතිය සඳහා සම්පූර්ණ අවධානය යොමු කළේය. ඔහු රටේ නොයෙක් ස්ථානවල ගල් ලෙන්වල බුදුන්ගේ සැතපෙන පිළිම, හිටි පිළිම, හා හිඳි පිළිම ජීවමාන ප්‍රමාණයට ගලින් නිම කිරීමට කටයුතු කළේය. එවකට මුහුදු බඩ ප්‍රදේශ පාලනය කරමින් සිටි ලන්දේසීන් සමග වෙළඳ කටයුතු මුල් කරගෙන සටන් කීපයක නියැලීමට රජුට සිදු විය. ශ්‍රී විජය රාජසිංහ පල්ලි විනාශ කළේය. ලන්දේසීන්ට හා පෘතුග්‍රීසීන්ට නොයෙක් වද හිංසා පැමිණ වූ අතර එම තත්වය කීර්ති ශ්‍රී යුගය දක්වා පැවතියේය. රටේ ව්‍යසනකාරී සිද්ධීන් කීපයක් ඇති වූ අතර එවැනි දෑ සිදු වන්නේ රජුගේ ක්‍රියා කලාපයන් නිසා යැයි රජු සිතුවේය. එයින් පසු පමණක් රජුගේ එම ක්‍රියා නැවතුණේය.",මදුරෛ භාර්යාවන් 1,මහනුවර රාජධානිය ,මහනුවර නායක්කර් රාජවංශය,1739,1747,ශ්‍රී වීර පරාක්‍රම නරේන්ද්‍රසිංහ රජ,කීර්ති ශ්‍රී රාජසිංහ රජ
කීර්ති ශ්‍රී රාජසිංහ රජ,"කීර්ති ශ්‍රී රාජසිංහ යනු විජයරාජසිංහගේ බිරිඳගේ වැඩිමහල් සහෝදරයාය. ඔහු පැමිණියේ 'මදුරෙයි' නගරයෙනි. ඔහු සිහසුනට උරුමකම් ලැබූ තවත් මස්සිනා කෙනෙකු වූයේ එපරිද්දෙනි. එමෙන්ම ඔහු දකුණු ඉන්දීය රජ පෙළපතේ දෙවැන්නාය. කීර්ති ශ්‍රී රාජසිංහ ඔහුගේ මස්සිනාගෙන් පසු රජු බවට පත් වන විට සියුමැලි තරුණයෙකි. ඔහුට සිහසුනේ උරුමය ලැබුණේ 1751 වර්ෂයේදී ය. ඔහුගේ පාලන යුගයේ මුල් කාලය, කැප කළේ සාහිත්‍යය සහ ආගමික කටයුතුවල අභිවෘද්ධිය පිණිසයි. ලන්දේසීන්ගේ ද උදව් ලබාගෙන බුද්ධාගමේ දියුණුව සඳහා සියමෙන් (තායිලන්තයෙන්) භික්ෂූන් වහන්සේලා ගෙන්වා ගත්තේය. මහනුවර රජමහා විහාරය (ගංගාරාමය) තැනවූයේය. දන්ත ධාතුන් වහන්සේ උදෙසා දැනට දක්නට තිබෙන ඇතුළු විහාරයක් ද තනවා සිව්වැනි වික්‍රමබාහු රජුගේ සිට ඔහුගේ රාජ්‍ය කාලය දක්වා මහාවංශයේ විස්තරය සම්පූර්ණ කිරිමට ද කටයුතු යෙදුවේය.","නාඩුකට්ටු සාමි නායක්කර්ගේ දියණිය, තවත් නායක්කර් කුමරියන් තිදෙනෙක්,  යකඩ දෝලිය",මහනුවර රාජධානිය ,මහනුවර නායක්කර් රාජවංශය,1747,1782,ශ්‍රී විජය රාජසිංහ රජ,ශ්‍රී රාජාධි රාජසිංහ රජ
ශ්‍රී රාජාධි රාජසිංහ රජ,"ශ්‍රී රාජාධි රාජසිංහ (ක්‍රි.ව. 1782-1798) නමින් සිහසුනට උරුමකම් ලැබූ ඔහු කීර්ති ශ්‍රී රාජසිංහ රජුගේ සොහොයුරාය. ඔහුද තම සහෝදරයා සමග මදුරෙයි හි සිට මෙහි පැමිණියේ කුඩා ළමයෙකුව සිටියදීය. මේ හේතුව නිසාම ඔහු හැදී වැඩුනේ උඩරැටියෙකු පරිද්දෙනි. සිංහලයෙකු පරිද්දෙනි. එවකට මල්වතු විහාරයේ නායක හිමියන්ගේ දක්ෂතම ශිෂ්‍යයෙකු ලෙස කැපී පෙනුණේය. ඔහු විවිධ දක්ෂතාවලින් යුත් අයෙකු විය. භාෂා බොහොමයක් ඉගෙන ගත්තේය. පාලි සහ සංස්කෘත ද ඒ අතර විය. බුද්ධාගම සම්බන්ධයෙන් නොමසුරු දායකත්වයක් සැපයූ ඔහු කාව්‍ය රසිකයෙකු විය. එසේම කවියෙක් ද විය. 1798 දී දරුවෙකු නොමැතිව, අනුප්‍රාප්තිකයෙකු ද නම් නොකර ඔහු මිය ගියේය. සියලු වගකීම් පිළිමතලාවේ වෙත පැවරුණි. පිළිමතලාවේ පළමු අධිගාර් නොහොත් අගමැති තනතුර දරමින් සිටියේය. ඔහු අති දක්ෂ, බලලෝභි, කූට උපක්‍රමයෙහි දක්ෂ පුද්ගලයෙකු විය. හිස් වූ සිහසුනට අනුප්‍රාප්තිකයෙකු තේරීම ඔහුට පැවරුණි. විවාද චරිතයක් වූ පිළිමතලාවේ, රජ පෙළපතේ අවසාන වීමට වගකිව යුතු ප්‍රධාන සාධකයන්ගෙන් එකක් විය.",උපේන්ද්‍රම්මා රැජින,මහනුවර රාජධානිය ,මහනුවර නායක්කර් රාජවංශය,1782,1798,කීර්ති ශ්‍රී රාජසිංහ රජ,ශ්‍රී වික්‍රම රාජසිංහ රජ
ශ්‍රී වික්‍රම රාජසිංහ රජ,ශ්‍රී වික්‍රම රාජසිංහ රජතුමා හෙළ ශ්‍රී ලංකාවේ රාජධානිය ඉංග්‍රීසීන්ට යටත්වීමට පෙර එහි අවසාන රජතුමා විය. ඔහු ශ්‍රී රාජාධිරාජසිංහ රජුගෙන් පසු 1798 දී සිහසුනට පත් විය. ඛ්‍රිතාන්‍යයන් විසින් මහනුවර යුද්ධය අවසානයේදී ඔහු පරාජය කොට පහ කරන ලදි. ඔහු නායක්කාර වංශයට අයත් දකූණු ඉන්දීය ජාතිකයෙකි. කන්නසාමි නම් වු මොහු 1798 දී සිංහාසනාරූඪ වන විට අභිෂේකය සඳහා ශ්‍රී වික්‍රම රාජසිංහ නම තෝරා ගන්නා ලදි. ඔහු ලංකාවේ නායක්කාර රජ පෙළපතෙහි අවසාන රජු විය.,"වෙන්කටරංග රාජම්මාල්, වෙන්කටම්මා, මූදුචුන්නම්මා, වෙන්කට ජම්මාල්",මහනුවර රාජධානිය ,මහනුවර නායක්කර් රාජවංශය,1798,1815,ශ්‍රී රාජාධි රාජසිංහ රජ,"තුන්වන ජෝර්ජ් රජ, එක්සත් රාජධානිය"
